Date_ID,ID,Part_Num,Event,Group_size,Date_Order,M_1,M_2,M_3,M_4,M_5,M_6,Sex,PP_ID,PP_M_1,PP_M_2,PP_M_3,PP_M_4,PP_M_5,PP_M_6,PP_Sex
11212101,1121,21,1,32,9,1,0,5,5,2,2,1,2101,1,0,1,7,1,1,2
11212102,1121,21,1,32,3,0,0,2,6,1,4,1,2102,0,0,1,1,1,1,2
11212103,1121,21,1,32,5,1,1,7,7,5,5,1,2103,0,0,1,7,1,1,2
11212106,1121,21,1,32,7,1,1,7,7,5,4,1,2106,1,1,7,7,1,1,2
11212109,1121,21,1,32,8,1,1,6,7,2,2,1,2109,1,1,5,5,1,1,2
11212111,1121,21,1,32,14,0,1,5,6,5,3,1,2111,0,0,1,1,1,1,2
11212112,1121,21,1,32,6,0,1,2,5,6,3,1,2112,0,0,2,2,2,2,2
11212113,1121,21,1,32,2,0,1,5,6,3,4,1,2113,0,0,3,4,1,1,2
11212114,1121,21,1,32,4,0,1,6,6,6,4,1,2114,0,0,2,2,1,1,2
11212116,1121,21,1,32,11,0,1,6,6,7,2,1,2116,0,0,2,3,1,1,2
11212117,1121,21,1,32,13,0,1,5,6,7,3,1,2117,0,0,1,2,1,1,2
11212118,1121,21,1,32,12,0,1,3,5,2,2,1,2118,1,0,4,6,1,2,2
11212119,1121,21,1,32,10,0,1,4,5,4,3,1,2119,0,0,2,2,1,1,2
11212120,1121,21,1,32,1,0,1,5,6,5,2,1,2120,0,0,4,7,2,1,2
11222101,1122,22,1,32,3,0,0,4,5,2,3,1,2101,0,1,5,6,4,1,2
11222102,1122,22,1,32,13,0,0,1,1,1,1,1,2102,0,1,4,4,1,1,2
11222106,1122,22,1,32,1,0,1,5,6,5,2,1,2106,0,0,3,4,2,1,2
11222108,1122,22,1,32,10,0,1,6,1,6,1,1,2108,0,1,4,5,1,2,2
11222109,1122,22,1,32,2,0,0,3,2,2,1,1,2109,0,1,7,7,6,5,2
11222111,1122,22,1,32,8,0,1,5,2,6,2,1,2111,0,0,3,6,2,2,2
11222113,1122,22,1,32,12,0,0,3,2,1,1,1,2113,0,1,6,6,2,5,2
11222114,1122,22,1,32,14,0,1,6,5,7,4,1,2114,0,1,5,4,2,1,2
11222115,1122,22,1,32,9,0,1,6,5,6,4,1,2115,0,0,5,7,2,2,2
11222116,1122,22,1,32,5,0,1,6,4,7,3,1,2116,0,1,5,5,1,4,2
11222117,1122,22,1,32,7,0,1,5,6,3,3,1,2117,0,1,5,4,5,5,2
11222118,1122,22,1,32,6,0,0,3,2,2,2,1,2118,0,1,5,7,2,3,2
11222119,1122,22,1,32,4,0,0,2,5,2,2,1,2119,0,1,5,4,4,2,2
11222120,1122,22,1,32,11,0,1,6,6,5,4,1,2120,0,1,6,6,3,4,2
11232101,1123,23,1,32,14,0,1,5,6,2,2,1,2101,0,0,2,1,1,1,2
11232102,1123,23,1,32,8,0,0,1,2,1,1,1,2102,0,0,1,1,1,1,2
11232103,1123,23,1,32,10,0,1,4,6,5,3,1,2103,0,0,3,6,1,1,2
11232106,1123,23,1,32,12,0,1,3,2,3,1,1,2106,0,1,3,3,1,1,2
11232108,1123,23,1,32,5,0,0,4,4,3,4,1,2108,0,0,2,2,1,1,2
11232109,1123,23,1,32,13,0,0,2,1,1,1,1,2109,0,0,3,3,1,1,2
11232111,1123,23,1,32,3,0,0,1,5,1,2,1,2111,0,0,1,1,1,1,2
11232112,1123,23,1,32,11,0,1,5,3,5,3,1,2112,0,0,1,2,2,2,2
11232113,1123,23,1,32,7,0,0,1,4,1,1,1,2113,0,1,6,6,2,3,2
11232114,1123,23,1,32,9,0,1,4,6,3,3,1,2114,0,1,5,5,4,2,2
11232115,1123,23,1,32,4,0,0,3,3,2,3,1,2115,0,0,1,3,1,1,2
11232117,1123,23,1,32,2,0,0,3,6,3,2,1,2117,0,0,2,5,2,3,2
11232118,1123,23,1,32,1,0,0,1,2,1,1,1,2118,0,1,5,7,2,5,2
11232120,1123,23,1,32,6,0,0,3,5,2,2,1,2120,0,0,2,2,2,2,2
11242101,1124,24,1,32,1,0,1,3,5,4,4,1,2101,0,1,3,5,1,1,2
11242102,1124,24,1,32,11,0,1,4,5,3,3,1,2102,0,1,4,4,1,1,2
11242103,1124,24,1,32,13,0,1,6,5,5,6,1,2103,0,1,5,6,3,1,2
11242108,1124,24,1,32,8,0,1,4,4,6,5,1,2108,0,0,2,2,1,1,2
11242111,1124,24,1,32,6,0,0,4,3,4,3,1,2111,0,0,2,2,2,2,2
11242112,1124,24,1,32,14,0,1,4,3,6,4,1,2112,0,0,3,5,4,2,2
11242113,1124,24,1,32,10,0,1,4,3,4,4,1,2113,0,999,6,6,2,3,2
11242114,1124,24,1,32,12,0,1,4,4,5,5,1,2114,0,1,4,3,1,1,2
11242115,1124,24,1,32,7,0,1,4,3,5,3,1,2115,0,0,2,5,1,1,2
11242116,1124,24,1,32,3,0,1,999,3,5,4,1,2116,0,0,3,4,1,4,2
11242117,1124,24,1,32,5,0,1,5,5,5,4,1,2117,0,1,4,5,3,4,2
11242118,1124,24,1,32,4,0,1,5,5,4,5,1,2118,0,1,6,7,3,6,2
11242119,1124,24,1,32,2,0,1,5,4,5,5,1,2119,0,1,5,5,1,2,2
11242120,1124,24,1,32,9,0,1,5,5,4,5,1,2120,0,0,2,2,2,2,2
11252101,1125,25,1,32,8,0,0,2,3,2,2,1,2101,0,0,1,1,1,1,2
11252102,1125,25,1,32,2,0,0,2,3,1,1,1,2102,0,0,1,1,1,1,2
11252103,1125,25,1,32,4,0,1,4,3,4,4,1,2103,0,1,6,7,4,1,2
11252106,1125,25,1,32,6,0,0,2,3,2,2,1,2106,0,1,3,4,2,1,2
11252109,1125,25,1,32,7,0,0,4,5,2,2,1,2109,0,1,5,7,5,5,2
11252111,1125,25,1,32,13,0,0,2,1,2,2,1,2111,0,0,1,1,1,1,2
11252112,1125,25,1,32,5,0,1,5,5,5,4,1,2112,0,1,5,5,4,5,2
11252113,1125,25,1,32,1,0,0,4,5,2,2,1,2113,0,0,4,6,1,3,2
11252114,1125,25,1,32,3,0,1,6,4,6,5,1,2114,0,1,4,4,1,1,2
11252115,1125,25,1,32,14,0,0,3,4,3,3,1,2115,0,0,3,3,1,1,2
11252116,1125,25,1,32,10,0,0,1,1,3,1,1,2116,0,0,2,3,1,1,2
11252117,1125,25,1,32,12,0,0,3,2,2,2,1,2117,0,1,5,5,6,5,2
11252118,1125,25,1,32,11,0,0,1,2,1,1,1,2118,0,1,5,7,3,2,2
11252119,1125,25,1,32,9,0,0,2,2,2,2,1,2119,0,1,5,5,3,4,2
11262101,1126,26,1,32,7,1,1,6,7,3,2,1,2101,1,0,7,7,1,1,2
11262102,1126,26,1,32,1,0,0,4,7,1,1,1,2102,0,1,4,4,1,1,2
11262103,1126,26,1,32,3,0,1,5,5,5,3,1,2103,0,1,4,7,1,1,2
11262106,1126,26,1,32,5,0,0,4,6,3,2,1,2106,0,1,4,5,2,1,2
11262108,1126,26,1,32,14,0,1,6,6,6,5,1,2108,0,0,3,4,1,1,2
11262109,1126,26,1,32,6,1,1,6,7,2,2,1,2109,1,1,6,5,1,1,2
11262111,1126,26,1,32,12,0,1,5,6,5,4,1,2111,0,0,2,4,1,1,2
11262112,1126,26,1,32,4,1,1,7,7,4,4,1,2112,0,1,6,6,6,6,2
11262114,1126,26,1,32,2,1,1,5,6,4,2,1,2114,0,1,3,3,1,1,2
11262115,1126,26,1,32,13,0,1,6,6,6,5,1,2115,0,1,4,4,3,3,2
11262116,1126,26,1,32,9,0,0,3,6,1,1,1,2116,0,0,2,4,1,1,2
11262117,1126,26,1,32,11,0,1,5,5,5,4,1,2117,0,1,5,5,4,5,2
11262118,1126,26,1,32,10,0,0,4,6,1,1,1,2118,0,1,6,7,2,5,2
11262119,1126,26,1,32,8,0,1,4,6,2,2,1,2119,0,0,3,4,1,1,2
11282101,1128,28,1,32,2,0,0,4,3,1,1,1,2101,0,0,5,1,1,1,2
11282102,1128,28,1,32,12,0,0,1,2,1,1,1,2102,0,1,4,4,1,1,2
11282103,1128,28,1,32,14,0,0,1,1,1,1,1,2103,0,0,4,4,1,1,2
11282108,1128,28,1,32,9,0,0,1,1,1,1,1,2108,0,0,1,1,1,1,2
11282109,1128,28,1,32,1,0,0,4,5,1,1,1,2109,0,0,5,6,1,2,2
11282111,1128,28,1,32,7,0,0,2,1,1,1,1,2111,0,0,4,6,1,1,2
11282113,1128,28,1,32,11,0,0,2,1,1,1,1,2113,0,0,5,5,2,2,2
11282114,1128,28,1,32,13,0,1,5,3,5,5,1,2114,0,0,2,3,1,1,2
11282115,1128,28,1,32,8,0,1,4,2,4,4,1,2115,0,0,4,6,1,1,2
11282116,1128,28,1,32,4,0,0,1,1,1,1,1,2116,0,0,3,4,1,3,2
11282117,1128,28,1,32,6,0,1,6,4,5,5,1,2117,0,1,4,4,3,3,2
11282118,1128,28,1,32,5,0,0,3,4,1,1,1,2118,0,1,4,6,2,4,2
11282119,1128,28,1,32,3,0,1,6,5,6,6,1,2119,0,1,6,6,3,5,2
11282120,1128,28,1,32,10,0,1,4,5,4,4,1,2120,0,1,4,5,1,1,2
11312101,1131,31,1,32,6,0,0,2,1,1,2,1,2101,0,1,5,5,5,4,2
11312103,1131,31,1,32,2,0,0,3,2,5,2,1,2103,0,0,4,5,3,1,2
11312106,1131,31,1,32,4,0,0,2,3,5,2,1,2106,0,0,2,3,3,1,2
11312108,1131,31,1,32,13,0,1,3,2,6,4,1,2108,0,0,3,3,1,1,2
11312109,1131,31,1,32,5,0,0,1,2,1,1,1,2109,0,0,1,3,1,1,2
11312111,1131,31,1,32,11,0,1,3,5,5,3,1,2111,0,0,3,5,1,2,2
11312112,1131,31,1,32,3,0,1,6,3,7,5,1,2112,0,1,3,3,6,4,2
11312114,1131,31,1,32,1,0,1,5,6,3,3,1,2114,0,1,5,5,4,4,2
11312115,1131,31,1,32,12,0,0,3,5,2,1,1,2115,0,1,4,6,2,2,2
11312116,1131,31,1,32,8,0,0,1,2,1,1,1,2116,0,1,5,4,1,4,2
11312117,1131,31,1,32,10,0,1,5,6,3,2,1,2117,0,1,6,6,6,6,2
11312118,1131,31,1,32,9,0,0,2,1,2,1,1,2118,0,0,3,5,2,3,2
11312119,1131,31,1,32,7,0,0,3,6,1,2,1,2119,0,0,4,5,2,1,2
11312120,1131,31,1,32,14,0,1,5,5,4,3,1,2120,0,1,4,5,2,2,2
11322101,1132,32,1,32,11,0,0,4,4,2,2,1,2101,0,1,4,4,5,2,2
11322102,1132,32,1,32,5,0,0,1,1,1,1,1,2102,0,0,1,1,1,1,2
11322103,1132,32,1,32,7,0,1,5,6,5,5,1,2103,0,0,4,6,1,1,2
11322106,1132,32,1,32,9,0,1,5,5,4,4,1,2106,0,1,6,6,7,4,2
11322108,1132,32,1,32,2,0,1,7,7,7,7,1,2108,0,1,4,5,1,2,2
11322109,1132,32,1,32,10,0,0,3,3,2,1,1,2109,0,1,6,6,7,6,2
11322112,1132,32,1,32,8,0,0,4,4,4,4,1,2112,0,0,2,4,4,2,2
11322113,1132,32,1,32,4,0,0,3,5,2,2,1,2113,0,999,7,6,2,4,2
11322114,1132,32,1,32,6,0,1,6,6,6,6,1,2114,0,1,2,2,2,2,2
11322115,1132,32,1,32,1,0,1,5,6,5,5,1,2115,0,1,4,7,2,2,2
11322116,1132,32,1,32,13,0,0,3,3,3,3,1,2116,0,1,5,4,1,4,2
11322118,1132,32,1,32,14,0,0,3,3,3,2,1,2118,0,1,5,7,4,3,2
11322119,1132,32,1,32,12,0,0,4,4,4,4,1,2119,0,999,4,5,1,2,2
11322120,1132,32,1,32,3,0,1,5,5,5,5,1,2120,0,1,5,4,7,3,2
11342101,1134,34,1,32,12,0,0,2,2,3,2,1,2101,0,1,5,4,5,1,2
11342102,1134,34,1,32,6,0,1,6,6,2,2,1,2102,0,0,1,1,1,1,2
11342103,1134,34,1,32,8,0,1,6,4,5,3,1,2103,0,1,3,6,3,1,2
11342106,1134,34,1,32,10,0,1,6,6,6,5,1,2106,0,1,4,3,5,2,2
11342108,1134,34,1,32,3,0,1,7,7,7,7,1,2108,0,0,5,5,2,2,2
11342109,1134,34,1,32,11,0,0,3,3,1,1,1,2109,0,0,2,4,1,1,2
11342111,1134,34,1,32,1,0,1,7,5,7,4,1,2111,0,1,6,4,4,4,2
11342112,1134,34,1,32,9,0,1,7,7,7,5,1,2112,0,1,4,5,5,3,2
11342113,1134,34,1,32,5,0,1,5,5,3,2,1,2113,0,0,4,4,2,2,2
11342114,1134,34,1,32,7,0,0,3,2,2,2,1,2114,0,1,3,3,5,2,2
11342115,1134,34,1,32,2,0,1,5,6,4,3,1,2115,0,0,3,4,1,1,2
11342116,1134,34,1,32,14,0,0,1,1,2,1,1,2116,0,1,6,6,1,5,2
11342119,1134,34,1,32,13,0,1,2,2,2,2,1,2119,0,1,3,5,2,3,2
11342120,1134,34,1,32,4,0,0,3,3,4,2,1,2120,0,1,6,6,6,6,2
11352101,1135,35,1,32,5,0,0,1,1,1,1,1,2101,0,1,2,1,1,1,2
11352103,1135,35,1,32,1,0,0,1,5,4,2,1,2103,0,1,2,6,1,1,2
11352106,1135,35,1,32,3,0,0,3,2,2,1,1,2106,0,1,3,4,3,2,2
11352108,1135,35,1,32,12,0,0,1,1,2,1,1,2108,0,0,1,2,1,1,2
11352109,1135,35,1,32,4,0,0,1,1,1,1,1,2109,0,1,1,7,1,1,2
11352111,1135,35,1,32,10,0,0,1,1,1,1,1,2111,0,0,3,4,1,1,2
11352112,1135,35,1,32,2,0,0,1,2,2,1,1,2112,0,0,2,4,1,1,2
11352113,1135,35,1,32,14,0,0,1,3,1,1,1,2113,0,0,5,5,2,2,2
11352115,1135,35,1,32,11,0,0,1,2,1,1,1,2115,0,0,4,6,1,1,2
11352116,1135,35,1,32,7,0,0,1,1,1,1,1,2116,0,1,4,4,1,3,2
11352117,1135,35,1,32,9,0,0,2,2,1,1,1,2117,0,0,4,5,4,3,2
11352118,1135,35,1,32,8,0,0,1,1,1,1,1,2118,0,1,5,7,2,3,2
11352119,1135,35,1,32,6,0,0,2,2,2,1,1,2119,0,1,5,5,2,5,2
11352120,1135,35,1,32,13,0,0,2,3,2,1,1,2120,0,1,5,6,3,3,2
11362101,1136,36,1,32,4,0,1,4,4,3,1,1,2101,0,1,6,4,6,5,2
11362102,1136,36,1,32,14,0,0,3,3,1,1,1,2102,0,0,1,1,1,1,2
11362106,1136,36,1,32,2,0,1,7,7,5,3,1,2106,0,1,3,4,3,1,2
11362108,1136,36,1,32,11,0,1,7,5,7,3,1,2108,0,1,4,5,2,1,2
11362109,1136,36,1,32,3,0,0,3,5,1,1,1,2109,0,1,6,7,6,4,2
11362111,1136,36,1,32,9,0,1,6,3,7,2,1,2111,0,0,3,5,1,1,2
11362112,1136,36,1,32,1,0,1,6,5,7,4,1,2112,0,1,6,5,6,5,2
11362113,1136,36,1,32,13,0,0,4,6,2,1,1,2113,0,1,6,6,2,5,2
11362115,1136,36,1,32,10,0,1,6,5,7,3,1,2115,0,1,4,5,3,3,2
11362116,1136,36,1,32,6,0,1,4,1,6,1,1,2116,0,1,6,6,1,6,2
11362117,1136,36,1,32,8,0,1,5,6,4,1,1,2117,0,1,6,6,6,6,2
11362118,1136,36,1,32,7,0,0,4,2,1,1,1,2118,0,0,4,7,3,6,2
11362119,1136,36,1,32,5,0,0,1,3,1,1,1,2119,0,0,4,5,1,1,2
11362120,1136,36,1,32,12,0,1,4,5,4,1,1,2120,0,1,7,7,7,7,2
11372102,1137,37,1,32,10,0,0,2,3,1,1,1,2102,0,0,1,1,1,1,2
11372103,1137,37,1,32,12,0,1,6,5,7,4,1,2103,0,1,6,3,6,1,2
11372106,1137,37,1,32,14,0,1,4,4,5,2,1,2106,0,1,4,5,2,2,2
11372108,1137,37,1,32,7,0,1,3,2,6,2,1,2108,0,0,2,3,1,1,2
11372111,1137,37,1,32,5,0,1,4,5,5,1,1,2111,0,1,4,5,3,3,2
11372112,1137,37,1,32,13,0,1,3,3,7,2,1,2112,0,0,3,3,3,2,2
11372113,1137,37,1,32,9,0,0,2,4,2,1,1,2113,0,0,3,3,1,3,2
11372114,1137,37,1,32,11,0,1,2,4,5,1,1,2114,0,0,2,2,1,1,2
11372115,1137,37,1,32,6,0,1,6,6,4,2,1,2115,0,0,2,1,1,1,2
11372116,1137,37,1,32,2,0,1,4,5,5,4,1,2116,0,0,1,3,1,1,2
11372117,1137,37,1,32,4,0,1,3,6,3,1,1,2117,0,0,2,2,3,2,2
11372118,1137,37,1,32,3,0,1,3,4,1,1,1,2118,0,1,4,7,3,5,2
11372119,1137,37,1,32,1,0,0,3,6,2,2,1,2119,0,1,4,6,2,3,2
11372120,1137,37,1,32,8,1,1,4,4,2,2,1,2120,1,1,5,5,2,2,2
11382101,1138,38,1,32,10,0,0,3,4,3,3,1,2101,0,0,4,1,1,1,2
11382102,1138,38,1,32,4,0,0,2,2,1,1,1,2102,0,0,1,1,1,1,2
11382103,1138,38,1,32,6,0,0,3,5,5,3,1,2103,0,0,1,2,1,1,2
11382106,1138,38,1,32,8,0,1,5,5,6,5,1,2106,0,1,3,4,2,1,2
11382108,1138,38,1,32,1,0,0,3,3,7,2,1,2108,0,0,2,3,1,1,2
11382109,1138,38,1,32,9,0,0,3,4,3,2,1,2109,0,0,3,1,1,1,2
11382112,1138,38,1,32,7,0,1,5,4,7,5,1,2112,0,1,4,4,5,6,2
11382113,1138,38,1,32,3,0,0,2,3,1,2,1,2113,0,0,4,5,1,2,2
11382114,1138,38,1,32,5,0,1,6,6,6,5,1,2114,0,0,2,2,1,1,2
11382116,1138,38,1,32,12,0,0,2,2,3,3,1,2116,0,1,4,4,1,3,2
11382117,1138,38,1,32,14,0,0,3,2,2,3,1,2117,0,0,2,3,2,2,2
11382118,1138,38,1,32,13,0,0,3,4,3,3,1,2118,0,0,5,6,1,2,2
11382119,1138,38,1,32,11,0,0,4,4,5,5,1,2119,0,1,5,4,1,1,2
11382120,1138,38,1,32,2,0,1,5,6,5,5,1,2120,0,1,2,4,5,1,2
11392101,1139,39,1,32,13,0,1,4,5,6,5,1,2101,0,0,3,1,1,1,2
11392102,1139,39,1,32,7,0,1,4,3,6,5,1,2102,0,0,1,1,1,1,2
11392103,1139,39,1,32,9,0,1,7,6,7,7,1,2103,0,0,2,4,1,1,2
11392106,1139,39,1,32,11,0,1,6,6,5,5,1,2106,0,1,4,5,4,2,2
11392108,1139,39,1,32,4,0,1,6,5,7,6,1,2108,0,0,2,4,1,1,2
11392109,1139,39,1,32,12,0,1,4,3,5,3,1,2109,0,0,4,5,1,1,2
11392111,1139,39,1,32,2,0,1,4,4,6,5,1,2111,0,0,2,3,1,2,2
11392112,1139,39,1,32,10,0,1,6,4,6,6,1,2112,0,1,3,3,1,1,2
11392113,1139,39,1,32,6,0,1,3,4,6,5,1,2113,0,1,5,6,3,4,2
11392114,1139,39,1,32,8,0,1,6,5,7,6,1,2114,0,0,2,2,1,2,2
11392115,1139,39,1,32,3,0,1,4,4,6,5,1,2115,0,0,4,6,2,1,2
11392117,1139,39,1,32,1,0,1,4,5,6,5,1,2117,0,1,5,5,4,5,2
11392119,1139,39,1,32,14,0,1,6,7,6,5,1,2119,0,0,2,2,1,1,2
11392120,1139,39,1,32,5,0,1,4,4,6,5,1,2120,0,0,2,2,2,2,2
11402102,1140,40,1,32,9,0,0,1,1,1,1,1,2102,0,0,1,1,1,1,2
11402103,1140,40,1,32,11,1,1,6,6,6,4,1,2103,0,1,3,6,1,1,2
11402106,1140,40,1,32,13,0,1,7,6,7,5,1,2106,0,1,7,7,2,2,2
11402108,1140,40,1,32,6,0,1,6,5,6,4,1,2108,0,0,2,4,1,1,2
11402109,1140,40,1,32,14,0,1,6,6,2,1,1,2109,0,1,7,7,1,1,2
11402111,1140,40,1,32,4,0,1,4,4,6,3,1,2111,0,0,4,4,1,2,2
11402112,1140,40,1,32,12,0,1,7,6,6,4,1,2112,0,1,5,5,1,1,2
11402113,1140,40,1,32,8,0,0,2,3,1,1,1,2113,0,1,5,5,2,3,2
11402114,1140,40,1,32,10,0,1,5,4,6,2,1,2114,0,1,3,4,1,1,2
11402115,1140,40,1,32,5,0,1,5,5,4,2,1,2115,0,0,3,5,1,1,2
11402116,1140,40,1,32,1,0,1,5,7,4,4,1,2116,0,1,6,6,1,5,2
11402117,1140,40,1,32,3,0,1,5,5,4,2,1,2117,0,0,4,7,2,2,2
11402118,1140,40,1,32,2,0,1,4,4,2,1,1,2118,0,1,5,7,2,5,2
11402120,1140,40,1,32,7,0,1,3,3,3,1,1,2120,0,1,7,7,3,3,2
12212201,1221,21,2,30,11,0,1,4,4,3,4,1,2201,0,0,1,1,1,1,2
12212202,1221,21,2,30,12,0,0,3,4,3,3,1,2202,0,0,2,3,1,1,2
12212204,1221,21,2,30,3,0,1,5,5,4,4,1,2204,0,0,4,4,2,2,2
12212205,1221,21,2,30,10,0,1,4,5,3,3,1,2205,0,1,5,6,1,1,2
12212206,1221,21,2,30,2,0,1,4,3,3,4,1,2206,0,0,2,5,1,1,2
12212207,1221,21,2,30,13,0,1,4,4,3,2,1,2207,0,0,1,3,1,1,2
12212208,1221,21,2,30,5,0,0,3,3,2,2,1,2208,0,1,3,3,1,1,2
12212209,1221,21,2,30,4,0,1,5,4,4,4,1,2209,0,1,5,6,1,1,2
12212210,1221,21,2,30,8,0,0,3,3,2,2,1,2210,0,0,2,2,1,1,2
12212211,1221,21,2,30,1,0,0,3,3,2,2,1,2211,0,0,3,5,1,1,2
12212212,1221,21,2,30,6,0,1,4,5,3,3,1,2212,0,0,1,6,1,1,2
12212213,1221,21,2,30,9,0,1,3,4,3,3,1,2213,0,1,6,6,3,4,2
12212214,1221,21,2,30,14,0,0,3,3,2,2,1,2214,0,0,3,3,1,1,2
12212215,1221,21,2,30,7,0,1,5,5,4,4,1,2215,0,0,3,4,3,3,2
12212216,1221,21,2,30,15,0,0,3,3,2,2,1,2216,0,0,1,1,1,1,2
12222201,1222,22,2,30,4,0,1,7,6,7,6,1,2201,0,1,4,5,4,4,2
12222202,1222,22,2,30,5,0,1,5,5,7,6,1,2202,0,1,3,4,1,3,2
12222204,1222,22,2,30,11,0,0,2,2,2,2,1,2204,0,0,4,4,2,3,2
12222205,1222,22,2,30,3,0,0,1,2,1,1,1,2205,0,0,3,5,2,2,2
12222206,1222,22,2,30,10,0,0,2,2,2,2,1,2206,0,1,4,5,1,1,2
12222207,1222,22,2,30,6,0,0,3,4,1,1,1,2207,0,0,2,3,1,2,2
12222208,1222,22,2,30,13,0,0,2,2,1,1,1,2208,0,1,6,6,2,2,2
12222209,1222,22,2,30,12,0,1,7,7,7,7,1,2209,0,1,6,6,2,6,2
12222210,1222,22,2,30,1,0,1,6,6,6,5,1,2210,0,0,3,4,1,1,2
12222211,1222,22,2,30,9,0,0,2,3,1,1,1,2211,0,1,6,6,2,4,2
12222212,1222,22,2,30,14,0,0,1,2,1,1,1,2212,0,0,1,5,1,1,2
12222213,1222,22,2,30,2,0,0,3,4,2,2,1,2213,0,1,6,6,5,4,2
12222214,1222,22,2,30,7,0,1,6,6,6,6,1,2214,0,0,3,2,1,1,2
12222215,1222,22,2,30,15,0,0,1,3,1,1,1,2215,0,0,3,4,4,4,2
12222216,1222,22,2,30,8,0,0,3,7,5,2,1,2216,0,1,5,5,5,4,2
12232201,1223,23,2,30,1,0,1,7,6,7,7,1,2201,0,0,3,6,2,2,2
12232202,1223,23,2,30,2,0,0,3,3,2,2,1,2202,0,0,2,2,1,1,2
12232204,1223,23,2,30,8,0,1,5,5,3,2,1,2204,0,0,4,3,1,2,2
12232205,1223,23,2,30,15,0,0,4,3,2,1,1,2205,0,1,3,3,1,2,2
12232206,1223,23,2,30,7,0,1,7,6,7,6,1,2206,0,0,4,5,2,2,2
12232207,1223,23,2,30,3,0,0,5,5,5,3,1,2207,0,0,3,4,1,3,2
12232208,1223,23,2,30,10,0,0,2,2,1,1,1,2208,0,1,4,4,1,1,2
12232209,1223,23,2,30,9,0,1,7,7,7,7,1,2209,0,1,6,6,5,5,2
12232210,1223,23,2,30,13,0,1,7,7,6,5,1,2210,0,0,2,3,1,1,2
12232211,1223,23,2,30,6,0,1,6,6,7,6,1,2211,0,1,6,6,2,4,2
12232212,1223,23,2,30,11,0,1,7,7,7,7,1,2212,0,1,2,6,1,1,2
12232213,1223,23,2,30,14,0,0,1,1,2,1,1,2213,0,0,6,6,1,2,2
12232214,1223,23,2,30,4,0,1,7,6,7,6,1,2214,0,1,4,4,1,1,2
12232215,1223,23,2,30,12,0,1,7,6,6,6,1,2215,0,1,5,5,3,3,2
12232216,1223,23,2,30,5,0,0,4,4,2,2,1,2216,0,1,4,6,2,2,2
12242201,1224,24,2,30,2,0,1,4,6,2,3,1,2201,0,0,5,5,6,3,2
12242202,1224,24,2,30,3,0,0,2,3,4,2,1,2202,0,0,3,4,1,2,2
12242204,1224,24,2,30,9,0,1,7,6,3,3,1,2204,0,1,6,6,2,4,2
12242205,1224,24,2,30,1,0,1,5,4,6,4,1,2205,0,0,4,7,1,1,2
12242206,1224,24,2,30,8,0,1,4,6,3,4,1,2206,0,0,4,6,1,1,2
12242207,1224,24,2,30,4,0,1,7,4,5,6,1,2207,0,1,5,4,1,3,2
12242208,1224,24,2,30,11,0,1,5,6,3,4,1,2208,0,1,5,5,1,1,2
12242209,1224,24,2,30,10,0,1,6,5,6,5,1,2209,0,1,5,6,1,1,2
12242210,1224,24,2,30,14,0,1,7,4,6,6,1,2210,0,0,3,3,1,1,2
12242211,1224,24,2,30,7,0,0,2,2,2,2,1,2211,0,0,2,5,1,1,2
12242212,1224,24,2,30,12,0,1,4,7,2,2,1,2212,0,1,2,7,1,1,2
12242213,1224,24,2,30,15,0,1,6,7,3,4,1,2213,0,1,6,6,4,4,2
12242214,1224,24,2,30,5,0,0,3,6,6,3,1,2214,0,0,3,3,1,1,2
12242215,1224,24,2,30,13,0,0,2,5,2,2,1,2215,0,1,5,5,5,5,2
12242216,1224,24,2,30,6,0,1,6,5,5,6,1,2216,0,1,5,7,2,2,2
12262201,1226,26,2,30,6,0,1,6,6,6,6,1,2201,0,1,6,6,4,5,2
12262202,1226,26,2,30,7,0,1,6,5,6,5,1,2202,0,1,3,4,1,3,2
12262204,1226,26,2,30,13,0,0,3,3,3,3,1,2204,0,0,3,3,1,2,2
12262205,1226,26,2,30,5,0,0,3,2,2,2,1,2205,0,1,6,6,2,3,2
12262206,1226,26,2,30,12,0,1,6,6,6,6,1,2206,0,0,4,5,1,1,2
12262207,1226,26,2,30,8,0,1,5,5,6,5,1,2207,0,1,3,5,1,2,2
12262208,1226,26,2,30,15,0,0,4,4,4,4,1,2208,0,1,6,6,3,3,2
12262209,1226,26,2,30,14,0,0,3,3,5,3,1,2209,0,1,6,6,2,2,2
12262210,1226,26,2,30,3,0,1,6,6,6,6,1,2210,0,0,5,4,1,1,2
12262211,1226,26,2,30,11,0,1,4,4,4,4,1,2211,0,0,4,6,1,2,2
12262212,1226,26,2,30,1,0,1,5,5,5,4,1,2212,0,0,1,6,1,1,2
12262213,1226,26,2,30,4,0,1,3,3,3,2,1,2213,0,1,6,6,4,5,2
12262214,1226,26,2,30,9,0,1,5,5,7,5,1,2214,0,1,4,6,1,1,2
12262215,1226,26,2,30,2,0,1,3,4,3,3,1,2215,0,1,5,6,4,5,2
12262216,1226,26,2,30,10,0,1,4,4,4,4,1,2216,0,1,5,5,3,3,2
12272201,1227,27,2,30,9,0,1,4,4,3,5,1,2201,0,0,1,1,1,1,2
12272202,1227,27,2,30,10,0,0,2,3,4,2,1,2202,0,0,2,3,1,1,2
12272204,1227,27,2,30,1,0,1,4,5,4,5,1,2204,0,0,2,2,1,1,2
12272205,1227,27,2,30,8,0,1,4,4,2,5,1,2205,0,0,3,4,1,1,2
12272206,1227,27,2,30,15,0,1,5,6,4,2,1,2206,0,0,3,4,1,1,2
12272207,1227,27,2,30,11,0,1,5,5,4,5,1,2207,0,0,1,2,1,1,2
12272208,1227,27,2,30,3,0,1,5,5,3,6,1,2208,0,0,3,2,1,1,2
12272209,1227,27,2,30,2,0,0,3,3,3,3,1,2209,0,0,2,2,2,2,2
12272210,1227,27,2,30,6,0,1,5,5,4,5,1,2210,0,0,1,1,1,1,2
12272211,1227,27,2,30,14,0,1,5,5,5,5,1,2211,0,0,2,5,1,1,2
12272212,1227,27,2,30,4,0,0,3,5,3,3,1,2212,0,0,1,6,1,1,2
12272213,1227,27,2,30,7,0,1,4,6,4,5,1,2213,0,1,5,4,1,1,2
12272214,1227,27,2,30,12,0,1,5,6,2,4,1,2214,0,0,2,2,1,1,2
12272215,1227,27,2,30,5,0,0,2,3,2,2,1,2215,0,0,2,3,2,2,2
12272216,1227,27,2,30,13,0,1,5,4,5,6,1,2216,0,0,2,2,2,2,2
12282201,1228,28,2,30,14,0,0,3,4,3,3,1,2201,0,0,2,2,2,1,2
12282202,1228,28,2,30,15,0,1,5,5,5,5,1,2202,0,1,3,4,1,2,2
12282204,1228,28,2,30,6,0,0,4,4,4,4,1,2204,0,0,3,3,2,3,2
12282205,1228,28,2,30,13,0,0,3,3,3,3,1,2205,0,1,3,3,1,2,2
12282206,1228,28,2,30,5,0,0,4,5,4,5,1,2206,0,0,4,5,2,2,2
12282207,1228,28,2,30,1,0,0,2,3,3,2,1,2207,0,0,2,3,1,1,2
12282208,1228,28,2,30,8,0,0,5,6,3,4,1,2208,0,0,3,3,1,1,2
12282209,1228,28,2,30,7,0,1,5,5,6,6,1,2209,0,1,5,5,2,2,2
12282210,1228,28,2,30,11,0,0,5,4,3,4,1,2210,0,0,2,1,1,1,2
12282211,1228,28,2,30,4,0,0,3,4,3,3,1,2211,0,0,4,5,2,2,2
12282212,1228,28,2,30,9,0,0,4,4,6,4,1,2212,0,0,1,6,1,1,2
12282213,1228,28,2,30,12,0,0,4,5,4,4,1,2213,0,1,6,6,1,3,2
12282214,1228,28,2,30,2,0,1,5,5,5,6,1,2214,0,0,2,3,1,1,2
12282215,1228,28,2,30,10,0,0,3,4,3,3,1,2215,0,0,4,4,3,3,2
12282216,1228,28,2,30,3,0,0,4,5,4,3,1,2216,0,1,4,6,3,3,2
12292201,1229,29,2,30,15,0,1,7,7,7,7,1,2201,0,0,3,4,3,2,2
12292202,1229,29,2,30,1,0,1,5,6,5,7,1,2202,0,1,3,5,1,2,2
12292204,1229,29,2,30,7,1,0,4,5,3,4,1,2204,1,1,5,6,2,2,2
12292205,1229,29,2,30,14,0,1,6,6,5,6,1,2205,999,999,999,999,999,999,2
12292206,1229,29,2,30,6,0,0,4,4,5,6,1,2206,0,0,3,5,1,1,2
12292207,1229,29,2,30,2,0,0,6,6,4,4,1,2207,0,1,5,5,1,3,2
12292208,1229,29,2,30,9,0,0,3,4,2,2,1,2208,0,0,1,1,1,1,2
12292209,1229,29,2,30,8,0,1,5,6,5,4,1,2209,0,1,4,6,2,2,2
12292210,1229,29,2,30,12,0,1,5,4,4,5,1,2210,0,0,3,2,1,1,2
12292211,1229,29,2,30,5,0,0,3,4,3,4,1,2211,0,0,1,4,1,1,2
12292212,1229,29,2,30,10,0,0,5,6,4,4,1,2212,0,1,3,6,1,1,2
12292213,1229,29,2,30,13,0,0,4,4,3,2,1,2213,0,0,4,4,1,1,2
12292214,1229,29,2,30,3,0,0,5,6,5,5,1,2214,0,0,2,3,1,1,2
12292215,1229,29,2,30,11,0,0,3,4,3,3,1,2215,0,0,3,4,3,3,2
12292216,1229,29,2,30,4,0,0,4,5,3,3,1,2216,0,1,4,6,2,2,2
12302201,1230,30,2,30,5,0,1,7,7,6,6,1,2201,0,1,6,4,5,4,2
12302202,1230,30,2,30,6,0,1,6,6,5,5,1,2202,0,1,5,5,1,4,2
12302204,1230,30,2,30,12,0,1,6,6,2,2,1,2204,0,1,4,4,3,3,2
12302205,1230,30,2,30,4,0,0,3,3,1,1,1,2205,0,1,5,5,2,4,2
12302206,1230,30,2,30,11,0,1,6,6,5,5,1,2206,0,1,5,5,4,4,2
12302207,1230,30,2,30,7,0,0,3,4,2,2,1,2207,0,1,6,5,1,4,2
12302208,1230,30,2,30,14,0,0,2,2,2,2,1,2208,0,1,5,5,2,2,2
12302209,1230,30,2,30,13,0,1,6,6,6,6,1,2209,0,1,6,6,2,6,2
12302210,1230,30,2,30,2,0,1,5,4,4,3,1,2210,0,1,5,4,3,4,2
12302211,1230,30,2,30,10,0,0,3,3,2,2,1,2211,0,1,6,6,3,5,2
12302212,1230,30,2,30,15,0,0,4,4,2,2,1,2212,0,0,1,6,1,1,2
12302213,1230,30,2,30,3,0,0,5,5,2,2,1,2213,0,1,5,5,2,3,2
12302214,1230,30,2,30,8,0,0,4,3,4,2,1,2214,0,1,4,6,1,1,2
12302215,1230,30,2,30,1,0,0,3,3,2,2,1,2215,0,1,6,6,4,5,2
12302216,1230,30,2,30,9,0,0,4,5,2,2,1,2216,0,1,6,6,6,6,2
12312201,1231,31,2,30,10,1,1,7,7,2,1,1,2201,1,0,3,2,1,1,2
12312202,1231,31,2,30,11,0,1,5,5,5,4,1,2202,0,0,2,3,1,1,2
12312204,1231,31,2,30,2,0,1,5,6,4,4,1,2204,0,0,4,3,3,2,2
12312205,1231,31,2,30,9,0,0,3,5,3,2,1,2205,0,1,4,4,1,2,2
12312206,1231,31,2,30,1,0,1,4,6,5,4,1,2206,0,1,6,6,5,4,2
12312207,1231,31,2,30,12,0,1,5,5,5,5,1,2207,0,1,3,5,1,4,2
12312208,1231,31,2,30,4,0,1,4,6,4,3,1,2208,0,1,4,4,2,2,2
12312209,1231,31,2,30,3,0,0,3,5,4,3,1,2209,0,1,5,6,5,2,2
12312210,1231,31,2,30,7,0,1,5,4,5,4,1,2210,0,0,2,2,1,1,2
12312211,1231,31,2,30,15,0,0,3,4,3,2,1,2211,1,1,5,5,1,2,2
12312212,1231,31,2,30,5,0,0,4,5,4,2,1,2212,0,0,1,5,1,1,2
12312213,1231,31,2,30,8,0,1,5,6,4,4,1,2213,0,0,4,5,1,1,2
12312214,1231,31,2,30,13,0,1,6,5,4,4,1,2214,0,1,4,6,1,1,2
12312215,1231,31,2,30,6,0,0,3,7,3,3,1,2215,0,1,5,4,5,5,2
12312216,1231,31,2,30,14,0,1,5,6,4,4,1,2216,0,1,5,5,4,4,2
12322201,1232,32,2,30,13,1,1,7,7,7,7,1,2201,1,0,2,1,4,1,2
12322202,1232,32,2,30,14,0,1,6,6,6,4,1,2202,0,0,2,3,1,1,2
12322204,1232,32,2,30,5,0,1,7,7,4,5,1,2204,0,1,5,5,2,4,2
12322205,1232,32,2,30,12,0,0,4,4,2,2,1,2205,0,1,5,4,2,3,2
12322206,1232,32,2,30,4,0,1,5,5,6,3,1,2206,0,1,6,6,6,5,2
12322207,1232,32,2,30,15,0,1,7,6,5,5,1,2207,0,1,5,4,2,4,2
12322208,1232,32,2,30,7,0,1,6,7,5,4,1,2208,0,1,6,6,3,3,2
12322209,1232,32,2,30,6,0,1,7,7,7,7,1,2209,0,1,5,5,3,3,2
12322210,1232,32,2,30,10,0,1,6,6,4,5,1,2210,0,1,6,6,6,6,2
12322211,1232,32,2,30,3,0,0,4,3,3,2,1,2211,0,1,5,5,2,4,2
12322212,1232,32,2,30,8,0,1,6,6,5,3,1,2212,0,0,1,7,1,1,2
12322213,1232,32,2,30,11,0,0,4,5,3,3,1,2213,0,1,5,6,3,3,2
12322214,1232,32,2,30,1,0,1,5,5,4,4,1,2214,0,1,4,6,1,1,2
12322215,1232,32,2,30,9,0,0,3,2,2,2,1,2215,0,0,3,4,3,3,2
12322216,1232,32,2,30,2,0,1,6,6,3,2,1,2216,0,1,5,6,5,4,2
12332201,1233,33,2,30,12,0,1,6,4,7,6,1,2201,0,0,3,3,2,2,2
12332202,1233,33,2,30,13,0,1,5,3,4,5,1,2202,0,0,2,3,1,1,2
12332204,1233,33,2,30,4,0,1,7,6,6,7,1,2204,0,0,2,2,1,2,2
12332205,1233,33,2,30,11,0,0,5,6,5,4,1,2205,0,0,1,2,1,1,2
12332206,1233,33,2,30,3,0,1,6,4,5,6,1,2206,0,1,4,7,1,1,2
12332207,1233,33,2,30,14,0,0,5,4,4,4,1,2207,0,0,1,3,1,2,2
12332208,1233,33,2,30,6,0,0,4,4,3,3,1,2208,0,1,5,5,2,2,2
12332209,1233,33,2,30,5,0,1,6,4,5,5,1,2209,0,0,2,5,1,1,2
12332210,1233,33,2,30,9,0,1,7,5,6,7,1,2210,0,0,3,2,1,1,2
12332211,1233,33,2,30,2,0,0,4,5,5,4,1,2211,0,0,5,6,1,2,2
12332212,1233,33,2,30,7,0,0,5,5,4,4,1,2212,0,0,1,5,1,1,2
12332213,1233,33,2,30,10,0,0,4,3,2,2,1,2213,0,0,5,3,1,1,2
12332214,1233,33,2,30,15,0,0,4,5,5,4,1,2214,0,0,2,2,1,1,2
12332215,1233,33,2,30,8,0,0,4,3,2,2,1,2215,0,0,3,4,3,4,2
12332216,1233,33,2,30,1,0,0,4,6,3,3,1,2216,0,0,4,6,2,2,2
12352201,1235,35,2,30,3,0,1,6,6,7,6,1,2201,0,1,6,6,6,5,2
12352202,1235,35,2,30,4,0,1,4,3,5,3,1,2202,0,0,2,4,1,2,2
12352204,1235,35,2,30,10,0,1,5,6,5,5,1,2204,0,1,5,6,3,3,2
12352205,1235,35,2,30,2,0,0,1,5,2,1,1,2205,0,0,3,6,1,2,2
12352206,1235,35,2,30,9,0,1,5,5,6,4,1,2206,1,1,6,6,4,4,2
12352207,1235,35,2,30,5,0,0,1,4,1,2,1,2207,0,1,4,4,1,3,2
12352208,1235,35,2,30,12,0,1,4,4,3,3,1,2208,0,1,6,6,3,3,2
12352209,1235,35,2,30,11,0,1,6,6,5,5,1,2209,0,1,6,6,4,3,2
12352210,1235,35,2,30,15,0,1,5,5,4,4,1,2210,0,0,3,2,1,1,2
12352211,1235,35,2,30,8,0,0,1,4,3,2,1,2211,0,0,5,6,1,3,2
12352212,1235,35,2,30,13,0,1,5,4,3,3,1,2212,0,0,1,1,1,1,2
12352213,1235,35,2,30,1,0,0,1,4,2,1,1,2213,0,1,5,7,3,4,2
12352214,1235,35,2,30,6,0,1,5,4,6,4,1,2214,0,0,3,3,1,1,2
12352215,1235,35,2,30,14,0,1,5,4,3,3,1,2215,0,1,5,4,5,4,2
12352216,1235,35,2,30,7,0,1,5,4,5,3,1,2216,0,1,5,7,2,2,2
12362201,1236,36,2,30,7,0,1,7,7,1,1,1,2201,1,0,5,5,2,2,2
12362202,1236,36,2,30,8,0,1,6,5,4,5,1,2202,0,0,2,4,1,1,2
12362204,1236,36,2,30,14,0,1,5,5,4,4,1,2204,0,0,2,2,1,2,2
12362205,1236,36,2,30,6,0,1,5,5,2,2,1,2205,0,0,3,4,1,1,2
12362206,1236,36,2,30,13,0,1,5,5,5,3,1,2206,0,0,3,4,1,1,2
12362207,1236,36,2,30,9,0,1,5,5,2,3,1,2207,0,0,1,2,1,1,2
12362208,1236,36,2,30,1,0,1,4,5,4,3,1,2208,0,0,1,1,1,1,2
12362209,1236,36,2,30,15,0,1,6,6,6,4,1,2209,0,1,2,2,2,2,2
12362210,1236,36,2,30,4,0,1,5,5,5,3,1,2210,0,0,1,1,1,1,2
12362211,1236,36,2,30,12,0,1,3,4,2,2,1,2211,0,0,2,5,1,1,2
12362212,1236,36,2,30,2,0,0,2,5,2,2,1,2212,0,0,1,3,1,1,2
12362213,1236,36,2,30,5,0,1,4,4,4,2,1,2213,0,1,3,6,1,1,2
12362214,1236,36,2,30,10,0,1,5,5,5,5,1,2214,0,0,2,2,1,1,2
12362215,1236,36,2,30,3,0,1,4,4,2,2,1,2215,0,0,1,2,1,1,2
12362216,1236,36,2,30,11,0,1,6,6,6,5,1,2216,0,0,2,2,2,2,2
12372201,1237,37,2,30,8,0,1,6,6,6,6,1,2201,0,1,5,5,5,4,2
12372202,1237,37,2,30,9,0,0,4,3,3,2,1,2202,0,0,2,3,1,1,2
12372204,1237,37,2,30,15,0,0,4,6,3,4,1,2204,0,1,4,5,2,2,2
12372205,1237,37,2,30,7,0,0,2,3,2,1,1,2205,0,0,3,5,1,1,2
12372206,1237,37,2,30,14,0,0,3,4,5,3,1,2206,0,0,3,5,1,1,2
12372207,1237,37,2,30,10,0,0,4,5,3,3,1,2207,0,1,3,4,1,2,2
12372208,1237,37,2,30,2,0,0,3,4,2,1,1,2208,0,1,4,4,1,1,2
12372209,1237,37,2,30,1,0,1,5,5,5,3,1,2209,0,1,6,6,4,4,2
12372210,1237,37,2,30,5,0,1,5,5,6,3,1,2210,0,0,2,2,1,1,2
12372211,1237,37,2,30,13,0,0,4,3,3,2,1,2211,0,0,2,5,1,1,2
12372212,1237,37,2,30,3,0,0,3,3,5,2,1,2212,0,0,1,6,1,1,2
12372213,1237,37,2,30,6,0,0,3,5,4,2,1,2213,0,1,5,7,3,3,2
12372214,1237,37,2,30,11,0,1,5,4,6,4,1,2214,0,0,2,2,1,1,2
12372215,1237,37,2,30,4,0,0,2,2,2,1,1,2215,0,0,2,4,3,3,2
12372216,1237,37,2,30,12,0,0,4,4,4,2,1,2216,0,0,2,5,2,2,2
13012320,1301,1,3,30,7,0,1,5,6,5,5,1,2320,0,1,4,4,1,1,2
13012321,1301,1,3,30,15,0,1,6,5,3,3,1,2321,0,1,6,7,1,1,2
13012322,1301,1,3,30,1,0,1,5,6,4,4,1,2322,0,0,2,7,1,1,2
13012323,1301,1,3,30,2,0,1,5,6,4,4,1,2323,0,1,3,5,1,1,2
13012324,1301,1,3,30,9,0,1,4,4,3,3,1,2324,0,0,1,1,1,1,2
13012325,1301,1,3,30,11,0,1,6,6,5,4,1,2325,0,0,4,4,1,1,2
13012326,1301,1,3,30,5,0,1,5,6,6,6,1,2326,0,1,3,3,1,1,2
13012327,1301,1,3,30,6,0,1,5,6,4,4,1,2327,0,0,2,2,1,1,2
13012328,1301,1,3,30,3,0,1,4,6,3,5,1,2328,0,0,2,1,1,1,2
13012329,1301,1,3,30,8,0,1,6,6,4,3,1,2329,0,1,2,3,1,1,2
13012330,1301,1,3,30,12,0,1,5,5,2,2,1,2330,0,0,2,1,1,1,2
13012331,1301,1,3,30,13,0,1,5,6,4,4,1,2331,0,0,4,4,1,1,2
13012335,1301,1,3,30,14,0,1,5,6,4,4,1,2335,0,0,2,2,1,1,2
13012336,1301,1,3,30,10,0,1,6,6,4,4,1,2336,0,0,1,2,1,1,2
13012337,1301,1,3,30,4,0,1,6,5,3,5,1,2337,0,0,3,2,1,1,2
13022320,1302,2,3,30,13,0,1,5,6,5,4,1,2320,0,1,4,4,1,1,2
13022321,1302,2,3,30,6,0,1,4,6,3,2,1,2321,0,1,3,3,1,1,2
13022322,1302,2,3,30,7,0,1,4,4,5,3,1,2322,0,1,2,7,2,2,2
13022323,1302,2,3,30,8,0,1,6,4,6,5,1,2323,0,1,5,6,4,2,2
13022324,1302,2,3,30,15,0,0,2,3,2,1,1,2324,0,1,5,5,1,3,2
13022325,1302,2,3,30,2,0,1,5,4,5,6,1,2325,0,0,3,5,1,1,2
13022326,1302,2,3,30,11,0,1,6,3,4,6,1,2326,0,0,1,1,1,1,2
13022327,1302,2,3,30,12,0,1,5,5,6,6,1,2327,0,0,2,2,1,3,2
13022328,1302,2,3,30,9,0,1,7,4,4,6,1,2328,0,0,4,2,1,1,2
13022329,1302,2,3,30,14,0,0,2,3,1,1,1,2329,0,0,999,999,999,999,2
13022330,1302,2,3,30,3,0,0,3,3,1,1,1,2330,0,0,2,2,1,1,2
13022331,1302,2,3,30,4,0,1,4,5,4,4,1,2331,0,1,7,7,1,1,2
13022335,1302,2,3,30,5,0,1,5,4,5,6,1,2335,0,0,1,2,1,1,2
13022336,1302,2,3,30,1,1,1,6,4,6,7,1,2336,1,1,5,6,1,1,2
13022337,1302,2,3,30,10,0,1,7,5,5,6,1,2337,0,0,3,5,1,1,2
13032320,1303,3,3,30,5,0,0,4,4,4,4,1,2320,0,1,3,3,1,1,2
13032321,1303,3,3,30,13,0,999,4,4,3,4,1,2321,0,1,3,4,1,1,2
13032322,1303,3,3,30,14,0,1,4,4,4,4,1,2322,0,0,2,2,1,1,2
13032323,1303,3,3,30,15,0,0,4,3,3,4,1,2323,0,1,4,4,1,1,2
13032324,1303,3,3,30,7,0,0,2,3,2,2,1,2324,0,0,1,1,1,1,2
13032325,1303,3,3,30,9,999,1,5,4,5,4,1,2325,0,0,1,1,1,1,2
13032326,1303,3,3,30,3,0,0,4,4,3,4,1,2326,0,0,1,2,1,1,2
13032327,1303,3,3,30,4,0,0,4,4,4,4,1,2327,0,0,1,2,1,1,2
13032328,1303,3,3,30,1,0,0,4,4,5,4,1,2328,0,0,2,1,1,1,2
13032329,1303,3,3,30,6,0,1,6,6,5,5,1,2329,0,1,5,7,1,3,2
13032330,1303,3,3,30,10,0,1,5,5,5,5,1,2330,0,0,1,1,1,1,2
13032331,1303,3,3,30,11,0,1,4,4,4,4,1,2331,0,1,6,6,2,1,2
13032335,1303,3,3,30,12,0,0,3,5,4,4,1,2335,0,0,2,3,1,1,2
13032336,1303,3,3,30,8,0,0,4,5,4,4,1,2336,0,0,2,3,1,1,2
13032337,1303,3,3,30,2,0,1,6,6,4,4,1,2337,0,0,4,3,1,2,2
13042320,1304,4,3,30,2,0,1,5,3,7,3,1,2320,0,1,5,7,5,3,2
13042321,1304,4,3,30,10,0,0,2,3,1,1,1,2321,0,1,6,7,4,5,2
13042322,1304,4,3,30,11,0,1,6,5,6,3,1,2322,0,1,5,7,4,1,2
13042323,1304,4,3,30,12,0,1,4,4,4,3,1,2323,0,1,6,6,6,4,2
13042324,1304,4,3,30,4,0,0,1,1,1,1,1,2324,0,1,5,6,1,3,2
13042325,1304,4,3,30,6,0,1,6,5,7,5,1,2325,0,0,1,1,1,1,2
13042326,1304,4,3,30,15,0,0,3,4,3,3,1,2326,0,1,3,2,4,1,2
13042327,1304,4,3,30,1,0,0,2,4,2,2,1,2327,0,1,4,2,3,4,2
13042328,1304,4,3,30,13,0,0,1,1,1,1,1,2328,0,1,4,3,3,1,2
13042329,1304,4,3,30,3,0,0,1,1,1,1,1,2329,0,1,6,7,1,3,2
13042330,1304,4,3,30,7,0,0,2,1,1,1,1,2330,0,1,4,4,1,1,2
13042331,1304,4,3,30,8,0,1,4,3,6,3,1,2331,0,1,4,4,7,5,2
13042335,1304,4,3,30,9,0,0,2,3,1,2,1,2335,0,0,3,3,1,1,2
13042336,1304,4,3,30,5,0,0,2,2,1,1,1,2336,0,0,4,2,1,1,2
13042337,1304,4,3,30,14,0,1,6,6,6,6,1,2337,0,0,4,3,2,2,2
13052320,1305,5,3,30,3,0,1,5,5,5,6,1,2320,0,1,4,4,2,2,2
13052321,1305,5,3,30,11,0,1,6,6,6,5,1,2321,0,1,4,6,1,1,2
13052322,1305,5,3,30,12,0,1,6,6,6,6,1,2322,0,1,7,7,5,1,2
13052323,1305,5,3,30,13,0,1,5,6,5,5,1,2323,0,1,5,6,4,4,2
13052324,1305,5,3,30,5,0,1,4,5,4,4,1,2324,0,1,6,6,4,6,2
13052325,1305,5,3,30,7,0,1,5,6,6,5,1,2325,0,0,4,5,1,1,2
13052326,1305,5,3,30,1,0,1,4,5,5,5,1,2326,0,1,4,5,4,4,2
13052327,1305,5,3,30,2,0,0,3,4,4,3,1,2327,0,0,2,3,2,3,2
13052328,1305,5,3,30,14,0,0,2,5,3,3,1,2328,0,1,4,3,2,1,2
13052329,1305,5,3,30,4,0,0,2,5,3,2,1,2329,0,1,5,4,1,1,2
13052330,1305,5,3,30,8,0,0,2,4,2,2,1,2330,0,0,2,3,2,2,2
13052331,1305,5,3,30,9,0,1,4,5,5,4,1,2331,0,1,4,5,4,1,2
13052335,1305,5,3,30,10,0,1,4,5,5,4,1,2335,0,0,3,4,1,2,2
13052336,1305,5,3,30,6,0,999,3,6,6,5,1,2336,0,0,5,3,1,2,2
13052337,1305,5,3,30,15,0,1,5,6,6,6,1,2337,0,1,5,5,3,3,2
13062320,1306,6,3,30,14,0,0,4,2,7,2,1,2320,0,1,5,5,1,1,2
13062321,1306,6,3,30,7,0,1,6,7,7,5,1,2321,0,1,5,7,5,4,2
13062322,1306,6,3,30,8,0,1,5,6,7,4,1,2322,0,0,4,7,3,1,2
13062323,1306,6,3,30,9,0,0,3,4,7,3,1,2323,0,1,6,6,3,3,2
13062324,1306,6,3,30,1,0,0,3,6,2,1,1,2324,0,1,5,5,3,4,2
13062325,1306,6,3,30,3,0,1,6,5,7,5,1,2325,0,0,1,1,1,1,2
13062326,1306,6,3,30,12,0,1,5,5,7,5,1,2326,0,0,999,999,999,999,2
13062327,1306,6,3,30,13,0,0,2,2,5,1,1,2327,0,0,2,1,1,1,2
13062328,1306,6,3,30,10,0,1,6,5,7,4,1,2328,0,1,4,2,1,1,2
13062329,1306,6,3,30,15,0,1,4,3,7,5,1,2329,0,1,2,3,1,1,2
13062330,1306,6,3,30,4,0,1,7,7,7,6,1,2330,0,1,5,5,4,3,2
13062331,1306,6,3,30,5,0,1,7,7,7,6,1,2331,0,1,5,5,5,1,2
13062335,1306,6,3,30,6,0,1,5,6,7,4,1,2335,0,0,2,3,1,1,2
13062336,1306,6,3,30,2,0,1,5,5,7,4,1,2336,0,1,4,4,1,1,2
13062337,1306,6,3,30,11,0,1,5,5,7,4,1,2337,0,1,5,5,2,3,2
13072320,1307,7,3,30,8,0,1,7,5,6,4,1,2320,0,1,5,4,1,1,2
13072321,1307,7,3,30,1,0,1,5,6,5,6,1,2321,0,1,3,5,1,1,2
13072322,1307,7,3,30,2,0,1,6,6,5,6,1,2322,0,0,1,7,1,1,2
13072323,1307,7,3,30,3,0,1,5,5,6,4,1,2323,0,0,3,3,1,1,2
13072324,1307,7,3,30,10,0,0,3,5,2,4,1,2324,0,1,3,3,1,1,2
13072325,1307,7,3,30,12,0,1,7,6,7,6,1,2325,0,0,3,1,1,1,2
13072326,1307,7,3,30,6,0,1,5,6,7,5,1,2326,0,0,2,3,1,1,2
13072327,1307,7,3,30,7,0,1,6,7,7,6,1,2327,0,0,2,3,1,2,2
13072328,1307,7,3,30,4,0,1,6,5,6,5,1,2328,0,0,2,1,1,1,2
13072329,1307,7,3,30,9,0,1,6,4,5,5,1,2329,0,1,5,4,2,2,2
13072330,1307,7,3,30,13,0,1,6,6,7,7,1,2330,0,0,1,1,1,1,2
13072331,1307,7,3,30,14,0,1,6,7,7,7,1,2331,0,0,3,3,1,1,2
13072335,1307,7,3,30,15,0,1,6,7,6,6,1,2335,0,0,3,3,1,1,2
13072336,1307,7,3,30,11,0,1,5,5,5,6,1,2336,0,0,1,2,1,1,2
13072337,1307,7,3,30,5,0,1,5,5,6,4,1,2337,0,0,4,2,1,1,2
13082320,1308,8,3,30,1,0,0,4,4,5,4,1,2320,0,0,1,2,1,1,2
13082321,1308,8,3,30,9,0,1,5,5,5,6,1,2321,0,0,1,3,1,1,2
13082322,1308,8,3,30,10,0,1,6,6,6,6,1,2322,0,0,1,1,1,1,2
13082323,1308,8,3,30,11,0,1,6,6,7,7,1,2323,0,1,2,3,1,1,2
13082324,1308,8,3,30,3,0,1,5,3,4,5,1,2324,0,0,3,2,2,2,2
13082325,1308,8,3,30,5,0,999,4,4,4,4,1,2325,0,0,1,1,1,1,2
13082326,1308,8,3,30,14,0,1,6,6,6,6,1,2326,1,0,3,3,1,1,2
13082327,1308,8,3,30,15,0,1,7,7,7,7,1,2327,0,0,1,1,1,1,2
13082328,1308,8,3,30,12,0,1,4,4,4,4,1,2328,1,0,2,1,1,1,2
13082329,1308,8,3,30,2,0,1,5,6,4,6,1,2329,0,0,1,1,1,1,2
13082330,1308,8,3,30,6,999,999,6,6,6,6,1,2330,0,0,1,1,1,1,2
13082331,1308,8,3,30,7,999,999,6,6,6,6,1,2331,0,0,1,1,1,1,2
13082335,1308,8,3,30,8,0,0,3,3,3,3,1,2335,0,0,1,1,1,1,2
13082336,1308,8,3,30,4,0,1,5,5,5,5,1,2336,0,0,1,1,1,1,2
13082337,1308,8,3,30,13,0,0,4,4,4,4,1,2337,1,0,2,2,1,1,2
13092320,1309,9,3,30,4,1,1,7,7,7,7,1,2320,1,1,7,7,7,4,2
13092321,1309,9,3,30,12,1,1,7,7,5,4,1,2321,1,1,6,7,1,1,2
13092322,1309,9,3,30,13,1,1,7,7,6,4,1,2322,1,1,7,7,5,1,2
13092323,1309,9,3,30,14,1,1,7,7,7,7,1,2323,1,1,7,7,5,6,2
13092324,1309,9,3,30,6,0,0,1,1,1,1,1,2324,0,999,3,4,4,1,2
13092325,1309,9,3,30,8,0,1,5,7,5,4,1,2325,0,1,6,6,1,1,2
13092326,1309,9,3,30,2,0,1,3,4,1,1,1,2326,0,999,2,999,999,999,2
13092327,1309,9,3,30,3,0,1,3,4,1,1,1,2327,0,0,1,4,2,3,2
13092328,1309,9,3,30,15,1,1,5,6,4,1,1,2328,0,0,3,2,1,1,2
13092329,1309,9,3,30,5,0,0,1,3,1,1,1,2329,0,1,3,4,1,1,2
13092330,1309,9,3,30,9,0,1,2,3,1,1,1,2330,0,1,5,5,4,4,2
13092331,1309,9,3,30,10,0,1,4,5,4,1,1,2331,0,1,4,6,1,1,2
13092335,1309,9,3,30,11,0,1,6,7,5,4,1,2335,0,0,3,4,1,1,2
13092336,1309,9,3,30,7,0,1,6,7,2,3,1,2336,0,1,6,7,3,4,2
13092337,1309,9,3,30,1,0,1,5,7,5,5,1,2337,0,0,4,5,2,2,2
13102320,1310,10,3,30,12,0,1,6,6,6,6,1,2320,0,0,2,2,1,1,2
13102321,1310,10,3,30,5,0,1,6,6,6,5,1,2321,0,1,2,3,1,1,2
13102322,1310,10,3,30,6,0,1,5,5,5,4,1,2322,0,1,7,7,2,2,2
13102323,1310,10,3,30,7,0,1,6,6,6,6,1,2323,0,1,4,4,1,1,2
13102324,1310,10,3,30,14,0,0,3,4,1,1,1,2324,0,0,3,2,1,1,2
13102325,1310,10,3,30,1,0,1,4,4,6,6,1,2325,0,0,1,1,1,1,2
13102326,1310,10,3,30,10,0,1,5,5,5,5,1,2326,0,0,1,1,1,1,2
13102327,1310,10,3,30,11,0,0,3,5,4,4,1,2327,0,0,2,3,1,2,2
13102328,1310,10,3,30,8,0,0,2,4,2,1,1,2328,0,0,2,1,1,1,2
13102329,1310,10,3,30,13,0,0,3,4,3,3,1,2329,0,1,4,5,1,2,2
13102330,1310,10,3,30,2,0,0,4,5,2,2,1,2330,0,1,4,5,2,2,2
13102331,1310,10,3,30,3,0,0,3,5,3,3,1,2331,0,0,2,3,1,1,2
13102335,1310,10,3,30,4,0,1,4,5,5,5,1,2335,0,0,1,2,1,1,2
13102336,1310,10,3,30,15,0,0,4,4,3,3,1,2336,0,0,4,3,1,1,2
13102337,1310,10,3,30,9,0,1,6,6,6,6,1,2337,0,0,2,3,1,1,2
13112320,1311,11,3,30,15,0,1,6,5,6,4,1,2320,0,1,5,5,2,1,2
13112321,1311,11,3,30,8,0,1,5,5,5,4,1,2321,0,1,7,7,6,5,2
13112322,1311,11,3,30,9,0,1,4,4,4,3,1,2322,0,1,7,7,6,3,2
13112323,1311,11,3,30,10,1,1,6,6,5,4,1,2323,1,1,6,6,6,4,2
13112324,1311,11,3,30,2,0,0,3,3,2,3,1,2324,0,0,3,3,1,1,2
13112325,1311,11,3,30,4,0,1,5,5,5,4,1,2325,0,1,6,7,6,6,2
13112326,1311,11,3,30,13,0,1,5,4,4,3,1,2326,0,0,2,3,1,1,2
13112327,1311,11,3,30,14,0,1,5,5,5,4,1,2327,0,0,1,3,1,2,2
13112328,1311,11,3,30,11,0,0,3,4,2,2,1,2328,0,0,3,1,1,1,2
13112329,1311,11,3,30,1,0,0,4,5,4,3,1,2329,0,1,3,3,1,1,2
13112330,1311,11,3,30,5,0,0,4,4,3,4,1,2330,0,0,1,1,1,1,2
13112331,1311,11,3,30,6,0,0,4,4,6,4,1,2331,0,1,5,6,2,3,2
13112335,1311,11,3,30,7,0,1,5,5,5,4,1,2335,0,1,3,5,1,1,2
13112336,1311,11,3,30,3,0,1,5,5,4,4,1,2336,0,1,6,7,5,6,2
13112337,1311,11,3,30,12,0,0,4,4,3,3,1,2337,0,0,5,3,2,2,2
13122320,1312,12,3,30,10,1,1,6,5,5,3,1,2320,1,1,7,7,2,1,2
13122321,1312,12,3,30,3,0,1,5,4,3,1,1,2321,0,1,3,6,1,1,2
13122322,1312,12,3,30,4,0,1,5,6,3,1,1,2322,0,1,5,7,4,2,2
13122323,1312,12,3,30,5,1,1,7,7,3,3,1,2323,1,1,5,5,1,1,2
13122324,1312,12,3,30,12,0,0,3,2,1,1,1,2324,0,1,4,4,1,2,2
13122325,1312,12,3,30,14,0,1,5,4,5,2,1,2325,0,1,4,5,1,1,2
13122326,1312,12,3,30,8,0,1,5,5,5,2,1,2326,0,0,2,3,1,1,2
13122327,1312,12,3,30,9,0,1,4,4,4,1,1,2327,0,0,2,4,1,2,2
13122328,1312,12,3,30,6,0,1,4,4,2,2,1,2328,0,999,3,1,1,1,2
13122329,1312,12,3,30,11,0,0,4,4,2,2,1,2329,0,1,2,3,1,1,2
13122330,1312,12,3,30,15,0,1,4,4,4,4,1,2330,0,1,6,5,2,2,2
13122331,1312,12,3,30,1,0,1,5,6,5,3,1,2331,0,1,5,7,1,3,2
13122335,1312,12,3,30,2,0,1,5,5,3,3,1,2335,0,0,2,3,1,1,2
13122336,1312,12,3,30,13,0,1,4,4,3,3,1,2336,0,0,4,2,1,1,2
13122337,1312,12,3,30,7,1,1,5,5,5,5,1,2337,0,0,3,3,1,1,2
13132320,1313,13,3,30,6,0,1,4,3,5,4,1,2320,0,1,4,4,1,1,2
13132321,1313,13,3,30,14,0,1,6,6,6,6,1,2321,0,1,3,3,1,1,2
13132322,1313,13,3,30,15,0,1,7,6,5,4,1,2322,0,1,5,5,4,1,2
13132323,1313,13,3,30,1,0,1,6,6,5,5,1,2323,0,1,3,5,2,1,2
13132324,1313,13,3,30,8,0,1,4,5,6,6,1,2324,0,0,2,1,1,1,2
13132325,1313,13,3,30,10,0,1,6,6,7,6,1,2325,0,0,1,1,1,1,2
13132326,1313,13,3,30,4,0,1,6,6,6,6,1,2326,0,1,2,3,999,999,2
13132327,1313,13,3,30,5,0,1,6,6,6,6,1,2327,0,0,1,1,1,1,2
13132328,1313,13,3,30,2,0,1,6,6,6,6,1,2328,0,1,4,3,1,1,2
13132329,1313,13,3,30,7,0,1,5,5,4,4,1,2329,0,1,4,4,1,2,2
13132330,1313,13,3,30,11,0,1,7,7,5,4,1,2330,0,0,2,3,2,2,2
13132331,1313,13,3,30,12,0,1,7,7,7,6,1,2331,0,0,2,1,1,1,2
13132335,1313,13,3,30,13,0,1,6,6,5,5,1,2335,0,0,2,2,1,1,2
13132336,1313,13,3,30,9,1,1,6,7,5,5,1,2336,1,0,3,3,1,2,2
13132337,1313,13,3,30,3,999,999,6,6,6,6,1,2337,0,0,4,5,2,2,2
13142320,1314,14,3,30,11,0,1,5,3,6,6,1,2320,0,1,3,4,1,1,2
13142321,1314,14,3,30,4,0,1,5,5,3,3,1,2321,0,1,4,7,1,2,2
13142322,1314,14,3,30,5,0,1,5,4,5,4,1,2322,0,0,5,7,3,3,2
13142323,1314,14,3,30,6,0,1,7,6,6,6,1,2323,0,1,5,6,4,1,2
13142324,1314,14,3,30,13,0,0,2,3,2,2,1,2324,0,1,5,5,2,3,2
13142325,1314,14,3,30,15,0,1,7,6,7,6,1,2325,1,1,6,7,1,1,2
13142326,1314,14,3,30,9,0,1,5,6,3,3,1,2326,0,1,3,1,3,1,2
13142327,1314,14,3,30,10,0,1,5,6,3,4,1,2327,0,1,4,4,2,4,2
13142328,1314,14,3,30,7,0,0,3,4,2,3,1,2328,0,0,2,2,1,1,2
13142329,1314,14,3,30,12,0,0,3,3,2,2,1,2329,0,0,999,999,999,999,2
13142330,1314,14,3,30,1,0,0,5,5,3,3,1,2330,0,1,5,5,2,5,2
13142331,1314,14,3,30,2,0,1,6,7,4,5,1,2331,0,1,5,5,1,1,2
13142335,1314,14,3,30,3,0,0,3,4,3,4,1,2335,0,0,2,3,1,1,2
13142336,1314,14,3,30,14,0,1,5,6,5,4,1,2336,0,0,5,3,1,1,2
13142337,1314,14,3,30,8,0,1,7,6,6,7,1,2337,0,1,5,5,1,2,2
13152320,1315,15,3,30,9,0,0,3,3,3,2,1,2320,0,1,6,5,3,1,2
13152321,1315,15,3,30,2,0,1,5,6,6,5,1,2321,0,1,6,6,4,3,2
13152322,1315,15,3,30,3,0,0,4,4,6,4,1,2322,1,0,4,7,3,1,2
13152323,1315,15,3,30,4,1,1,5,6,3,3,1,2323,1,1,6,6,6,3,2
13152324,1315,15,3,30,11,0,0,2,2,1,1,1,2324,0,1,4,3,3,3,2
13152325,1315,15,3,30,13,0,1,5,5,6,5,1,2325,0,1,5,5,3,1,2
13152326,1315,15,3,30,7,0,0,3,3,2,2,1,2326,0,1,45,4,55,1,2
13152327,1315,15,3,30,8,0,0,2,3,2,2,1,2327,0,0,2,4,4,2,2
13152328,1315,15,3,30,5,0,0,4,5,3,2,1,2328,0,1,3,1,1,1,2
13152329,1315,15,3,30,10,0,0,4,6,1,1,1,2329,0,1,3,3,1,1,2
13152330,1315,15,3,30,14,0,0,2,3,1,2,1,2330,0,1,5,4,2,2,2
13152331,1315,15,3,30,15,1,0,3,3,2,1,1,2331,0,1,7,7,6,5,2
13152335,1315,15,3,30,1,0,0,4,3,5,2,1,2335,0,0,2,3,1,1,2
13152336,1315,15,3,30,12,0,0,4,6,3,2,1,2336,0,0,4,4,2,2,2
13152337,1315,15,3,30,6,0,0,4,4,3,4,1,2337,0,0,5,5,2,4,2
11212101,2101,1,1,32,9,1,0,1,7,1,1,2,1121,1,0,5,5,2,2,1
11222101,2101,1,1,32,3,0,1,5,6,4,1,2,1122,0,0,4,5,2,3,1
11232101,2101,1,1,32,14,0,0,2,1,1,1,2,1123,0,1,5,6,2,2,1
11242101,2101,1,1,32,1,0,1,3,5,1,1,2,1124,0,1,3,5,4,4,1
11252101,2101,1,1,32,8,0,0,1,1,1,1,2,1125,0,0,2,3,2,2,1
11262101,2101,1,1,32,7,1,0,7,7,1,1,2,1126,1,1,6,7,3,2,1
11282101,2101,1,1,32,2,0,0,5,1,1,1,2,1128,0,0,4,3,1,1,1
11312101,2101,1,1,32,6,0,1,5,5,5,4,2,1131,0,0,2,1,1,2,1
11322101,2101,1,1,32,11,0,1,4,4,5,2,2,1132,0,0,4,4,2,2,1
11342101,2101,1,1,32,12,0,1,5,4,5,1,2,1134,0,0,2,2,3,2,1
11352101,2101,1,1,32,5,0,1,2,1,1,1,2,1135,0,0,1,1,1,1,1
11362101,2101,1,1,32,4,0,1,6,4,6,5,2,1136,0,1,4,4,3,1,1
11382101,2101,1,1,32,10,0,0,4,1,1,1,2,1138,0,0,3,4,3,3,1
11392101,2101,1,1,32,13,0,0,3,1,1,1,2,1139,0,1,4,5,6,5,1
11212102,2102,2,1,32,3,0,0,1,1,1,1,2,1121,0,0,2,6,1,4,1
11222102,2102,2,1,32,13,0,1,4,4,1,1,2,1122,0,0,1,1,1,1,1
11232102,2102,2,1,32,8,0,0,1,1,1,1,2,1123,0,0,1,2,1,1,1
11242102,2102,2,1,32,11,0,1,4,4,1,1,2,1124,0,1,4,5,3,3,1
11252102,2102,2,1,32,2,0,0,1,1,1,1,2,1125,0,0,2,3,1,1,1
11262102,2102,2,1,32,1,0,1,4,4,1,1,2,1126,0,0,4,7,1,1,1
11282102,2102,2,1,32,12,0,1,4,4,1,1,2,1128,0,0,1,2,1,1,1
11322102,2102,2,1,32,5,0,0,1,1,1,1,2,1132,0,0,1,1,1,1,1
11342102,2102,2,1,32,6,0,0,1,1,1,1,2,1134,0,1,6,6,2,2,1
11362102,2102,2,1,32,14,0,0,1,1,1,1,2,1136,0,0,3,3,1,1,1
11372102,2102,2,1,32,10,0,0,1,1,1,1,2,1137,0,0,2,3,1,1,1
11382102,2102,2,1,32,4,0,0,1,1,1,1,2,1138,0,0,2,2,1,1,1
11392102,2102,2,1,32,7,0,0,1,1,1,1,2,1139,0,1,4,3,6,5,1
11402102,2102,2,1,32,9,0,0,1,1,1,1,2,1140,0,0,1,1,1,1,1
11212103,2103,3,1,32,5,0,0,1,7,1,1,2,1121,1,1,7,7,5,5,1
11232103,2103,3,1,32,10,0,0,3,6,1,1,2,1123,0,1,4,6,5,3,1
11242103,2103,3,1,32,13,0,1,5,6,3,1,2,1124,0,1,6,5,5,6,1
11252103,2103,3,1,32,4,0,1,6,7,4,1,2,1125,0,1,4,3,4,4,1
11262103,2103,3,1,32,3,0,1,4,7,1,1,2,1126,0,1,5,5,5,3,1
11282103,2103,3,1,32,14,0,0,4,4,1,1,2,1128,0,0,1,1,1,1,1
11312103,2103,3,1,32,2,0,0,4,5,3,1,2,1131,0,0,3,2,5,2,1
11322103,2103,3,1,32,7,0,0,4,6,1,1,2,1132,0,1,5,6,5,5,1
11342103,2103,3,1,32,8,0,1,3,6,3,1,2,1134,0,1,6,4,5,3,1
11352103,2103,3,1,32,1,0,1,2,6,1,1,2,1135,0,0,1,5,4,2,1
11372103,2103,3,1,32,12,0,1,6,3,6,1,2,1137,0,1,6,5,7,4,1
11382103,2103,3,1,32,6,0,0,1,2,1,1,2,1138,0,0,3,5,5,3,1
11392103,2103,3,1,32,9,0,0,2,4,1,1,2,1139,0,1,7,6,7,7,1
11402103,2103,3,1,32,11,0,1,3,6,1,1,2,1140,1,1,6,6,6,4,1
11212106,2106,6,1,32,7,1,1,7,7,1,1,2,1121,1,1,7,7,5,4,1
11222106,2106,6,1,32,1,0,0,3,4,2,1,2,1122,0,1,5,6,5,2,1
11232106,2106,6,1,32,12,0,1,3,3,1,1,2,1123,0,1,3,2,3,1,1
11252106,2106,6,1,32,6,0,1,3,4,2,1,2,1125,0,0,2,3,2,2,1
11262106,2106,6,1,32,5,0,1,4,5,2,1,2,1126,0,0,4,6,3,2,1
11312106,2106,6,1,32,4,0,0,2,3,3,1,2,1131,0,0,2,3,5,2,1
11322106,2106,6,1,32,9,0,1,6,6,7,4,2,1132,0,1,5,5,4,4,1
11342106,2106,6,1,32,10,0,1,4,3,5,2,2,1134,0,1,6,6,6,5,1
11352106,2106,6,1,32,3,0,1,3,4,3,2,2,1135,0,0,3,2,2,1,1
11362106,2106,6,1,32,2,0,1,3,4,3,1,2,1136,0,1,7,7,5,3,1
11372106,2106,6,1,32,14,0,1,4,5,2,2,2,1137,0,1,4,4,5,2,1
11382106,2106,6,1,32,8,0,1,3,4,2,1,2,1138,0,1,5,5,6,5,1
11392106,2106,6,1,32,11,0,1,4,5,4,2,2,1139,0,1,6,6,5,5,1
11402106,2106,6,1,32,13,0,1,7,7,2,2,2,1140,0,1,7,6,7,5,1
11222108,2108,8,1,32,10,0,1,4,5,1,2,2,1122,0,1,6,1,6,1,1
11232108,2108,8,1,32,5,0,0,2,2,1,1,2,1123,0,0,4,4,3,4,1
11242108,2108,8,1,32,8,0,0,2,2,1,1,2,1124,0,1,4,4,6,5,1
11262108,2108,8,1,32,14,0,0,3,4,1,1,2,1126,0,1,6,6,6,5,1
11282108,2108,8,1,32,9,0,0,1,1,1,1,2,1128,0,0,1,1,1,1,1
11312108,2108,8,1,32,13,0,0,3,3,1,1,2,1131,0,1,3,2,6,4,1
11322108,2108,8,1,32,2,0,1,4,5,1,2,2,1132,0,1,7,7,7,7,1
11342108,2108,8,1,32,3,0,0,5,5,2,2,2,1134,0,1,7,7,7,7,1
11352108,2108,8,1,32,12,0,0,1,2,1,1,2,1135,0,0,1,1,2,1,1
11362108,2108,8,1,32,11,0,1,4,5,2,1,2,1136,0,1,7,5,7,3,1
11372108,2108,8,1,32,7,0,0,2,3,1,1,2,1137,0,1,3,2,6,2,1
11382108,2108,8,1,32,1,0,0,2,3,1,1,2,1138,0,0,3,3,7,2,1
11392108,2108,8,1,32,4,0,0,2,4,1,1,2,1139,0,1,6,5,7,6,1
11402108,2108,8,1,32,6,0,0,2,4,1,1,2,1140,0,1,6,5,6,4,1
11212109,2109,9,1,32,8,1,1,5,5,1,1,2,1121,1,1,6,7,2,2,1
11222109,2109,9,1,32,2,0,1,7,7,6,5,2,1122,0,0,3,2,2,1,1
11232109,2109,9,1,32,13,0,0,3,3,1,1,2,1123,0,0,2,1,1,1,1
11252109,2109,9,1,32,7,0,1,5,7,5,5,2,1125,0,0,4,5,2,2,1
11262109,2109,9,1,32,6,1,1,6,5,1,1,2,1126,1,1,6,7,2,2,1
11282109,2109,9,1,32,1,0,0,5,6,1,2,2,1128,0,0,4,5,1,1,1
11312109,2109,9,1,32,5,0,0,1,3,1,1,2,1131,0,0,1,2,1,1,1
11322109,2109,9,1,32,10,0,1,6,6,7,6,2,1132,0,0,3,3,2,1,1
11342109,2109,9,1,32,11,0,0,2,4,1,1,2,1134,0,0,3,3,1,1,1
11352109,2109,9,1,32,4,0,1,1,7,1,1,2,1135,0,0,1,1,1,1,1
11362109,2109,9,1,32,3,0,1,6,7,6,4,2,1136,0,0,3,5,1,1,1
11382109,2109,9,1,32,9,0,0,3,1,1,1,2,1138,0,0,3,4,3,2,1
11392109,2109,9,1,32,12,0,0,4,5,1,1,2,1139,0,1,4,3,5,3,1
11402109,2109,9,1,32,14,0,1,7,7,1,1,2,1140,0,1,6,6,2,1,1
11212111,2111,11,1,32,14,0,0,1,1,1,1,2,1121,0,1,5,6,5,3,1
11222111,2111,11,1,32,8,0,0,3,6,2,2,2,1122,0,1,5,2,6,2,1
11232111,2111,11,1,32,3,0,0,1,1,1,1,2,1123,0,0,1,5,1,2,1
11242111,2111,11,1,32,6,0,0,2,2,2,2,2,1124,0,0,4,3,4,3,1
11252111,2111,11,1,32,13,0,0,1,1,1,1,2,1125,0,0,2,1,2,2,1
11262111,2111,11,1,32,12,0,0,2,4,1,1,2,1126,0,1,5,6,5,4,1
11282111,2111,11,1,32,7,0,0,4,6,1,1,2,1128,0,0,2,1,1,1,1
11312111,2111,11,1,32,11,0,0,3,5,1,2,2,1131,0,1,3,5,5,3,1
11342111,2111,11,1,32,1,0,1,6,4,4,4,2,1134,0,1,7,5,7,4,1
11352111,2111,11,1,32,10,0,0,3,4,1,1,2,1135,0,0,1,1,1,1,1
11362111,2111,11,1,32,9,0,0,3,5,1,1,2,1136,0,1,6,3,7,2,1
11372111,2111,11,1,32,5,0,1,4,5,3,3,2,1137,0,1,4,5,5,1,1
11392111,2111,11,1,32,2,0,0,2,3,1,2,2,1139,0,1,4,4,6,5,1
11402111,2111,11,1,32,4,0,0,4,4,1,2,2,1140,0,1,4,4,6,3,1
11212112,2112,12,1,32,6,0,0,2,2,2,2,2,1121,0,1,2,5,6,3,1
11232112,2112,12,1,32,11,0,0,1,2,2,2,2,1123,0,1,5,3,5,3,1
11242112,2112,12,1,32,14,0,0,3,5,4,2,2,1124,0,1,4,3,6,4,1
11252112,2112,12,1,32,5,0,1,5,5,4,5,2,1125,0,1,5,5,5,4,1
11262112,2112,12,1,32,4,0,1,6,6,6,6,2,1126,1,1,7,7,4,4,1
11312112,2112,12,1,32,3,0,1,3,3,6,4,2,1131,0,1,6,3,7,5,1
11322112,2112,12,1,32,8,0,0,2,4,4,2,2,1132,0,0,4,4,4,4,1
11342112,2112,12,1,32,9,0,1,4,5,5,3,2,1134,0,1,7,7,7,5,1
11352112,2112,12,1,32,2,0,0,2,4,1,1,2,1135,0,0,1,2,2,1,1
11362112,2112,12,1,32,1,0,1,6,5,6,5,2,1136,0,1,6,5,7,4,1
11372112,2112,12,1,32,13,0,0,3,3,3,2,2,1137,0,1,3,3,7,2,1
11382112,2112,12,1,32,7,0,1,4,4,5,6,2,1138,0,1,5,4,7,5,1
11392112,2112,12,1,32,10,0,1,3,3,1,1,2,1139,0,1,6,4,6,6,1
11402112,2112,12,1,32,12,0,1,5,5,1,1,2,1140,0,1,7,6,6,4,1
11212113,2113,13,1,32,2,0,0,3,4,1,1,2,1121,0,1,5,6,3,4,1
11222113,2113,13,1,32,12,0,1,6,6,2,5,2,1122,0,0,3,2,1,1,1
11232113,2113,13,1,32,7,0,1,6,6,2,3,2,1123,0,0,1,4,1,1,1
11242113,2113,13,1,32,10,0,999,6,6,2,3,2,1124,0,1,4,3,4,4,1
11252113,2113,13,1,32,1,0,0,4,6,1,3,2,1125,0,0,4,5,2,2,1
11282113,2113,13,1,32,11,0,0,5,5,2,2,2,1128,0,0,2,1,1,1,1
11322113,2113,13,1,32,4,0,999,7,6,2,4,2,1132,0,0,3,5,2,2,1
11342113,2113,13,1,32,5,0,0,4,4,2,2,2,1134,0,1,5,5,3,2,1
11352113,2113,13,1,32,14,0,0,5,5,2,2,2,1135,0,0,1,3,1,1,1
11362113,2113,13,1,32,13,0,1,6,6,2,5,2,1136,0,0,4,6,2,1,1
11372113,2113,13,1,32,9,0,0,3,3,1,3,2,1137,0,0,2,4,2,1,1
11382113,2113,13,1,32,3,0,0,4,5,1,2,2,1138,0,0,2,3,1,2,1
11392113,2113,13,1,32,6,0,1,5,6,3,4,2,1139,0,1,3,4,6,5,1
11402113,2113,13,1,32,8,0,1,5,5,2,3,2,1140,0,0,2,3,1,1,1
11212114,2114,14,1,32,4,0,0,2,2,1,1,2,1121,0,1,6,6,6,4,1
11222114,2114,14,1,32,14,0,1,5,4,2,1,2,1122,0,1,6,5,7,4,1
11232114,2114,14,1,32,9,0,1,5,5,4,2,2,1123,0,1,4,6,3,3,1
11242114,2114,14,1,32,12,0,1,4,3,1,1,2,1124,0,1,4,4,5,5,1
11252114,2114,14,1,32,3,0,1,4,4,1,1,2,1125,0,1,6,4,6,5,1
11262114,2114,14,1,32,2,0,1,3,3,1,1,2,1126,1,1,5,6,4,2,1
11282114,2114,14,1,32,13,0,0,2,3,1,1,2,1128,0,1,5,3,5,5,1
11312114,2114,14,1,32,1,0,1,5,5,4,4,2,1131,0,1,5,6,3,3,1
11322114,2114,14,1,32,6,0,1,2,2,2,2,2,1132,0,1,6,6,6,6,1
11342114,2114,14,1,32,7,0,1,3,3,5,2,2,1134,0,0,3,2,2,2,1
11372114,2114,14,1,32,11,0,0,2,2,1,1,2,1137,0,1,2,4,5,1,1
11382114,2114,14,1,32,5,0,0,2,2,1,1,2,1138,0,1,6,6,6,5,1
11392114,2114,14,1,32,8,0,0,2,2,1,2,2,1139,0,1,6,5,7,6,1
11402114,2114,14,1,32,10,0,1,3,4,1,1,2,1140,0,1,5,4,6,2,1
11222115,2115,15,1,32,9,0,0,5,7,2,2,2,1122,0,1,6,5,6,4,1
11232115,2115,15,1,32,4,0,0,1,3,1,1,2,1123,0,0,3,3,2,3,1
11242115,2115,15,1,32,7,0,0,2,5,1,1,2,1124,0,1,4,3,5,3,1
11252115,2115,15,1,32,14,0,0,3,3,1,1,2,1125,0,0,3,4,3,3,1
11262115,2115,15,1,32,13,0,1,4,4,3,3,2,1126,0,1,6,6,6,5,1
11282115,2115,15,1,32,8,0,0,4,6,1,1,2,1128,0,1,4,2,4,4,1
11312115,2115,15,1,32,12,0,1,4,6,2,2,2,1131,0,0,3,5,2,1,1
11322115,2115,15,1,32,1,0,1,4,7,2,2,2,1132,0,1,5,6,5,5,1
11342115,2115,15,1,32,2,0,0,3,4,1,1,2,1134,0,1,5,6,4,3,1
11352115,2115,15,1,32,11,0,0,4,6,1,1,2,1135,0,0,1,2,1,1,1
11362115,2115,15,1,32,10,0,1,4,5,3,3,2,1136,0,1,6,5,7,3,1
11372115,2115,15,1,32,6,0,0,2,1,1,1,2,1137,0,1,6,6,4,2,1
11392115,2115,15,1,32,3,0,0,4,6,2,1,2,1139,0,1,4,4,6,5,1
11402115,2115,15,1,32,5,0,0,3,5,1,1,2,1140,0,1,5,5,4,2,1
11212116,2116,16,1,32,11,0,0,2,3,1,1,2,1121,0,1,6,6,7,2,1
11222116,2116,16,1,32,5,0,1,5,5,1,4,2,1122,0,1,6,4,7,3,1
11242116,2116,16,1,32,3,0,0,3,4,1,4,2,1124,0,1,999,3,5,4,1
11252116,2116,16,1,32,10,0,0,2,3,1,1,2,1125,0,0,1,1,3,1,1
11262116,2116,16,1,32,9,0,0,2,4,1,1,2,1126,0,0,3,6,1,1,1
11282116,2116,16,1,32,4,0,0,3,4,1,3,2,1128,0,0,1,1,1,1,1
11312116,2116,16,1,32,8,0,1,5,4,1,4,2,1131,0,0,1,2,1,1,1
11322116,2116,16,1,32,13,0,1,5,4,1,4,2,1132,0,0,3,3,3,3,1
11342116,2116,16,1,32,14,0,1,6,6,1,5,2,1134,0,0,1,1,2,1,1
11352116,2116,16,1,32,7,0,1,4,4,1,3,2,1135,0,0,1,1,1,1,1
11362116,2116,16,1,32,6,0,1,6,6,1,6,2,1136,0,1,4,1,6,1,1
11372116,2116,16,1,32,2,0,0,1,3,1,1,2,1137,0,1,4,5,5,4,1
11382116,2116,16,1,32,12,0,1,4,4,1,3,2,1138,0,0,2,2,3,3,1
11402116,2116,16,1,32,1,0,1,6,6,1,5,2,1140,0,1,5,7,4,4,1
11212117,2117,17,1,32,13,0,0,1,2,1,1,2,1121,0,1,5,6,7,3,1
11222117,2117,17,1,32,7,0,1,5,4,5,5,2,1122,0,1,5,6,3,3,1
11232117,2117,17,1,32,2,0,0,2,5,2,3,2,1123,0,0,3,6,3,2,1
11242117,2117,17,1,32,5,0,1,4,5,3,4,2,1124,0,1,5,5,5,4,1
11252117,2117,17,1,32,12,0,1,5,5,6,5,2,1125,0,0,3,2,2,2,1
11262117,2117,17,1,32,11,0,1,5,5,4,5,2,1126,0,1,5,5,5,4,1
11282117,2117,17,1,32,6,0,1,4,4,3,3,2,1128,0,1,6,4,5,5,1
11312117,2117,17,1,32,10,0,1,6,6,6,6,2,1131,0,1,5,6,3,2,1
11352117,2117,17,1,32,9,0,0,4,5,4,3,2,1135,0,0,2,2,1,1,1
11362117,2117,17,1,32,8,0,1,6,6,6,6,2,1136,0,1,5,6,4,1,1
11372117,2117,17,1,32,4,0,0,2,2,3,2,2,1137,0,1,3,6,3,1,1
11382117,2117,17,1,32,14,0,0,2,3,2,2,2,1138,0,0,3,2,2,3,1
11392117,2117,17,1,32,1,0,1,5,5,4,5,2,1139,0,1,4,5,6,5,1
11402117,2117,17,1,32,3,0,0,4,7,2,2,2,1140,0,1,5,5,4,2,1
11212118,2118,18,1,32,12,1,0,4,6,1,2,2,1121,0,1,3,5,2,2,1
11222118,2118,18,1,32,6,0,1,5,7,2,3,2,1122,0,0,3,2,2,2,1
11232118,2118,18,1,32,1,0,1,5,7,2,5,2,1123,0,0,1,2,1,1,1
11242118,2118,18,1,32,4,0,1,6,7,3,6,2,1124,0,1,5,5,4,5,1
11252118,2118,18,1,32,11,0,1,5,7,3,2,2,1125,0,0,1,2,1,1,1
11262118,2118,18,1,32,10,0,1,6,7,2,5,2,1126,0,0,4,6,1,1,1
11282118,2118,18,1,32,5,0,1,4,6,2,4,2,1128,0,0,3,4,1,1,1
11312118,2118,18,1,32,9,0,0,3,5,2,3,2,1131,0,0,2,1,2,1,1
11322118,2118,18,1,32,14,0,1,5,7,4,3,2,1132,0,0,3,3,3,2,1
11352118,2118,18,1,32,8,0,1,5,7,2,3,2,1135,0,0,1,1,1,1,1
11362118,2118,18,1,32,7,0,0,4,7,3,6,2,1136,0,0,4,2,1,1,1
11372118,2118,18,1,32,3,0,1,4,7,3,5,2,1137,0,1,3,4,1,1,1
11382118,2118,18,1,32,13,0,0,5,6,1,2,2,1138,0,0,3,4,3,3,1
11402118,2118,18,1,32,2,0,1,5,7,2,5,2,1140,0,1,4,4,2,1,1
11212119,2119,19,1,32,10,0,0,2,2,1,1,2,1121,0,1,4,5,4,3,1
11222119,2119,19,1,32,4,0,1,5,4,4,2,2,1122,0,0,2,5,2,2,1
11242119,2119,19,1,32,2,0,1,5,5,1,2,2,1124,0,1,5,4,5,5,1
11252119,2119,19,1,32,9,0,1,5,5,3,4,2,1125,0,0,2,2,2,2,1
11262119,2119,19,1,32,8,0,0,3,4,1,1,2,1126,0,1,4,6,2,2,1
11282119,2119,19,1,32,3,0,1,6,6,3,5,2,1128,0,1,6,5,6,6,1
11312119,2119,19,1,32,7,0,0,4,5,2,1,2,1131,0,0,3,6,1,2,1
11322119,2119,19,1,32,12,0,999,4,5,1,2,2,1132,0,0,4,4,4,4,1
11342119,2119,19,1,32,13,0,1,3,5,2,3,2,1134,0,1,2,2,2,2,1
11352119,2119,19,1,32,6,0,1,5,5,2,5,2,1135,0,0,2,2,2,1,1
11362119,2119,19,1,32,5,0,0,4,5,1,1,2,1136,0,0,1,3,1,1,1
11372119,2119,19,1,32,1,0,1,4,6,2,3,2,1137,0,0,3,6,2,2,1
11382119,2119,19,1,32,11,0,1,5,4,1,1,2,1138,0,0,4,4,5,5,1
11392119,2119,19,1,32,14,0,0,2,2,1,1,2,1139,0,1,6,7,6,5,1
11212120,2120,20,1,32,1,0,0,4,7,2,1,2,1121,0,1,5,6,5,2,1
11222120,2120,20,1,32,11,0,1,6,6,3,4,2,1122,0,1,6,6,5,4,1
11232120,2120,20,1,32,6,0,0,2,2,2,2,2,1123,0,0,3,5,2,2,1
11242120,2120,20,1,32,9,0,0,2,2,2,2,2,1124,0,1,5,5,4,5,1
11282120,2120,20,1,32,10,0,1,4,5,1,1,2,1128,0,1,4,5,4,4,1
11312120,2120,20,1,32,14,0,1,4,5,2,2,2,1131,0,1,5,5,4,3,1
11322120,2120,20,1,32,3,0,1,5,4,7,3,2,1132,0,1,5,5,5,5,1
11342120,2120,20,1,32,4,0,1,6,6,6,6,2,1134,0,0,3,3,4,2,1
11352120,2120,20,1,32,13,0,1,5,6,3,3,2,1135,0,0,2,3,2,1,1
11362120,2120,20,1,32,12,0,1,7,7,7,7,2,1136,0,1,4,5,4,1,1
11372120,2120,20,1,32,8,1,1,5,5,2,2,2,1137,1,1,4,4,2,2,1
11382120,2120,20,1,32,2,0,1,2,4,5,1,2,1138,0,1,5,6,5,5,1
11392120,2120,20,1,32,5,0,0,2,2,2,2,2,1139,0,1,4,4,6,5,1
11402120,2120,20,1,32,7,0,1,7,7,3,3,2,1140,0,1,3,3,3,1,1
12212201,2201,1,2,30,11,0,0,1,1,1,1,2,1221,0,1,4,4,3,4,1
12222201,2201,1,2,30,4,0,1,4,5,4,4,2,1222,0,1,7,6,7,6,1
12232201,2201,1,2,30,1,0,0,3,6,2,2,2,1223,0,1,7,6,7,7,1
12242201,2201,1,2,30,2,0,0,5,5,6,3,2,1224,0,1,4,6,2,3,1
12262201,2201,1,2,30,6,0,1,6,6,4,5,2,1226,0,1,6,6,6,6,1
12272201,2201,1,2,30,9,0,0,1,1,1,1,2,1227,0,1,4,4,3,5,1
12282201,2201,1,2,30,14,0,0,2,2,2,1,2,1228,0,0,3,4,3,3,1
12292201,2201,1,2,30,15,0,0,3,4,3,2,2,1229,0,1,7,7,7,7,1
12302201,2201,1,2,30,5,0,1,6,4,5,4,2,1230,0,1,7,7,6,6,1
12312201,2201,1,2,30,10,1,0,3,2,1,1,2,1231,1,1,7,7,2,1,1
12322201,2201,1,2,30,13,1,0,2,1,4,1,2,1232,1,1,7,7,7,7,1
12332201,2201,1,2,30,12,0,0,3,3,2,2,2,1233,0,1,6,4,7,6,1
12352201,2201,1,2,30,3,0,1,6,6,6,5,2,1235,0,1,6,6,7,6,1
12362201,2201,1,2,30,7,1,0,5,5,2,2,2,1236,0,1,7,7,1,1,1
12372201,2201,1,2,30,8,0,1,5,5,5,4,2,1237,0,1,6,6,6,6,1
12212202,2202,2,2,30,12,0,0,2,3,1,1,2,1221,0,0,3,4,3,3,1
12222202,2202,2,2,30,5,0,1,3,4,1,3,2,1222,0,1,5,5,7,6,1
12232202,2202,2,2,30,2,0,0,2,2,1,1,2,1223,0,0,3,3,2,2,1
12242202,2202,2,2,30,3,0,0,3,4,1,2,2,1224,0,0,2,3,4,2,1
12262202,2202,2,2,30,7,0,1,3,4,1,3,2,1226,0,1,6,5,6,5,1
12272202,2202,2,2,30,10,0,0,2,3,1,1,2,1227,0,0,2,3,4,2,1
12282202,2202,2,2,30,15,0,1,3,4,1,2,2,1228,0,1,5,5,5,5,1
12292202,2202,2,2,30,1,0,1,3,5,1,2,2,1229,0,1,5,6,5,7,1
12302202,2202,2,2,30,6,0,1,5,5,1,4,2,1230,0,1,6,6,5,5,1
12312202,2202,2,2,30,11,0,0,2,3,1,1,2,1231,0,1,5,5,5,4,1
12322202,2202,2,2,30,14,0,0,2,3,1,1,2,1232,0,1,6,6,6,4,1
12332202,2202,2,2,30,13,0,0,2,3,1,1,2,1233,0,1,5,3,4,5,1
12352202,2202,2,2,30,4,0,0,2,4,1,2,2,1235,0,1,4,3,5,3,1
12362202,2202,2,2,30,8,0,0,2,4,1,1,2,1236,0,1,6,5,4,5,1
12372202,2202,2,2,30,9,0,0,2,3,1,1,2,1237,0,0,4,3,3,2,1
12212204,2204,4,2,30,3,0,0,4,4,2,2,2,1221,0,1,5,5,4,4,1
12222204,2204,4,2,30,11,0,0,4,4,2,3,2,1222,0,0,2,2,2,2,1
12232204,2204,4,2,30,8,0,0,4,3,1,2,2,1223,0,1,5,5,3,2,1
12242204,2204,4,2,30,9,0,1,6,6,2,4,2,1224,0,1,7,6,3,3,1
12262204,2204,4,2,30,13,0,0,3,3,1,2,2,1226,0,0,3,3,3,3,1
12272204,2204,4,2,30,1,0,0,2,2,1,1,2,1227,0,1,4,5,4,5,1
12282204,2204,4,2,30,6,0,0,3,3,2,3,2,1228,0,0,4,4,4,4,1
12292204,2204,4,2,30,7,1,1,5,6,2,2,2,1229,1,0,4,5,3,4,1
12302204,2204,4,2,30,12,0,1,4,4,3,3,2,1230,0,1,6,6,2,2,1
12312204,2204,4,2,30,2,0,0,4,3,3,2,2,1231,0,1,5,6,4,4,1
12322204,2204,4,2,30,5,0,1,5,5,2,4,2,1232,0,1,7,7,4,5,1
12332204,2204,4,2,30,4,0,0,2,2,1,2,2,1233,0,1,7,6,6,7,1
12352204,2204,4,2,30,10,0,1,5,6,3,3,2,1235,0,1,5,6,5,5,1
12362204,2204,4,2,30,14,0,0,2,2,1,2,2,1236,0,1,5,5,4,4,1
12372204,2204,4,2,30,15,0,1,4,5,2,2,2,1237,0,0,4,6,3,4,1
12212205,2205,5,2,30,10,0,1,5,6,1,1,2,1221,0,1,4,5,3,3,1
12222205,2205,5,2,30,3,0,0,3,5,2,2,2,1222,0,0,1,2,1,1,1
12232205,2205,5,2,30,15,0,1,3,3,1,2,2,1223,0,0,4,3,2,1,1
12242205,2205,5,2,30,1,0,0,4,7,1,1,2,1224,0,1,5,4,6,4,1
12262205,2205,5,2,30,5,0,1,6,6,2,3,2,1226,0,0,3,2,2,2,1
12272205,2205,5,2,30,8,0,0,3,4,1,1,2,1227,0,1,4,4,2,5,1
12282205,2205,5,2,30,13,0,1,3,3,1,2,2,1228,0,0,3,3,3,3,1
12292205,2205,5,2,30,14,999,999,999,999,999,999,2,1229,0,1,6,6,5,6,1
12302205,2205,5,2,30,4,0,1,5,5,2,4,2,1230,0,0,3,3,1,1,1
12312205,2205,5,2,30,9,0,1,4,4,1,2,2,1231,0,0,3,5,3,2,1
12322205,2205,5,2,30,12,0,1,5,4,2,3,2,1232,0,0,4,4,2,2,1
12332205,2205,5,2,30,11,0,0,1,2,1,1,2,1233,0,0,5,6,5,4,1
12352205,2205,5,2,30,2,0,0,3,6,1,2,2,1235,0,0,1,5,2,1,1
12362205,2205,5,2,30,6,0,0,3,4,1,1,2,1236,0,1,5,5,2,2,1
12372205,2205,5,2,30,7,0,0,3,5,1,1,2,1237,0,0,2,3,2,1,1
12212206,2206,6,2,30,2,0,0,2,5,1,1,2,1221,0,1,4,3,3,4,1
12222206,2206,6,2,30,10,0,1,4,5,1,1,2,1222,0,0,2,2,2,2,1
12232206,2206,6,2,30,7,0,0,4,5,2,2,2,1223,0,1,7,6,7,6,1
12242206,2206,6,2,30,8,0,0,4,6,1,1,2,1224,0,1,4,6,3,4,1
12262206,2206,6,2,30,12,0,0,4,5,1,1,2,1226,0,1,6,6,6,6,1
12272206,2206,6,2,30,15,0,0,3,4,1,1,2,1227,0,1,5,6,4,2,1
12282206,2206,6,2,30,5,0,0,4,5,2,2,2,1228,0,0,4,5,4,5,1
12292206,2206,6,2,30,6,0,0,3,5,1,1,2,1229,0,0,4,4,5,6,1
12302206,2206,6,2,30,11,0,1,5,5,4,4,2,1230,0,1,6,6,5,5,1
12312206,2206,6,2,30,1,0,1,6,6,5,4,2,1231,0,1,4,6,5,4,1
12322206,2206,6,2,30,4,0,1,6,6,6,5,2,1232,0,1,5,5,6,3,1
12332206,2206,6,2,30,3,0,1,4,7,1,1,2,1233,0,1,6,4,5,6,1
12352206,2206,6,2,30,9,1,1,6,6,4,4,2,1235,0,1,5,5,6,4,1
12362206,2206,6,2,30,13,0,0,3,4,1,1,2,1236,0,1,5,5,5,3,1
12372206,2206,6,2,30,14,0,0,3,5,1,1,2,1237,0,0,3,4,5,3,1
12212207,2207,7,2,30,13,0,0,1,3,1,1,2,1221,0,1,4,4,3,2,1
12222207,2207,7,2,30,6,0,0,2,3,1,2,2,1222,0,0,3,4,1,1,1
12232207,2207,7,2,30,3,0,0,3,4,1,3,2,1223,0,0,5,5,5,3,1
12242207,2207,7,2,30,4,0,1,5,4,1,3,2,1224,0,1,7,4,5,6,1
12262207,2207,7,2,30,8,0,1,3,5,1,2,2,1226,0,1,5,5,6,5,1
12272207,2207,7,2,30,11,0,0,1,2,1,1,2,1227,0,1,5,5,4,5,1
12282207,2207,7,2,30,1,0,0,2,3,1,1,2,1228,0,0,2,3,3,2,1
12292207,2207,7,2,30,2,0,1,5,5,1,3,2,1229,0,0,6,6,4,4,1
12302207,2207,7,2,30,7,0,1,6,5,1,4,2,1230,0,0,3,4,2,2,1
12312207,2207,7,2,30,12,0,1,3,5,1,4,2,1231,0,1,5,5,5,5,1
12322207,2207,7,2,30,15,0,1,5,4,2,4,2,1232,0,1,7,6,5,5,1
12332207,2207,7,2,30,14,0,0,1,3,1,2,2,1233,0,0,5,4,4,4,1
12352207,2207,7,2,30,5,0,1,4,4,1,3,2,1235,0,0,1,4,1,2,1
12362207,2207,7,2,30,9,0,0,1,2,1,1,2,1236,0,1,5,5,2,3,1
12372207,2207,7,2,30,10,0,1,3,4,1,2,2,1237,0,0,4,5,3,3,1
12212208,2208,8,2,30,5,0,1,3,3,1,1,2,1221,0,0,3,3,2,2,1
12222208,2208,8,2,30,13,0,1,6,6,2,2,2,1222,0,0,2,2,1,1,1
12232208,2208,8,2,30,10,0,1,4,4,1,1,2,1223,0,0,2,2,1,1,1
12242208,2208,8,2,30,11,0,1,5,5,1,1,2,1224,0,1,5,6,3,4,1
12262208,2208,8,2,30,15,0,1,6,6,3,3,2,1226,0,0,4,4,4,4,1
12272208,2208,8,2,30,3,0,0,3,2,1,1,2,1227,0,1,5,5,3,6,1
12282208,2208,8,2,30,8,0,0,3,3,1,1,2,1228,0,0,5,6,3,4,1
12292208,2208,8,2,30,9,0,0,1,1,1,1,2,1229,0,0,3,4,2,2,1
12302208,2208,8,2,30,14,0,1,5,5,2,2,2,1230,0,0,2,2,2,2,1
12312208,2208,8,2,30,4,0,1,4,4,2,2,2,1231,0,1,4,6,4,3,1
12322208,2208,8,2,30,7,0,1,6,6,3,3,2,1232,0,1,6,7,5,4,1
12332208,2208,8,2,30,6,0,1,5,5,2,2,2,1233,0,0,4,4,3,3,1
12352208,2208,8,2,30,12,0,1,6,6,3,3,2,1235,0,1,4,4,3,3,1
12362208,2208,8,2,30,1,0,0,1,1,1,1,2,1236,0,1,4,5,4,3,1
12372208,2208,8,2,30,2,0,1,4,4,1,1,2,1237,0,0,3,4,2,1,1
12212209,2209,9,2,30,4,0,1,5,6,1,1,2,1221,0,1,5,4,4,4,1
12222209,2209,9,2,30,12,0,1,6,6,2,6,2,1222,0,1,7,7,7,7,1
12232209,2209,9,2,30,9,0,1,6,6,5,5,2,1223,0,1,7,7,7,7,1
12242209,2209,9,2,30,10,0,1,5,6,1,1,2,1224,0,1,6,5,6,5,1
12262209,2209,9,2,30,14,0,1,6,6,2,2,2,1226,0,0,3,3,5,3,1
12272209,2209,9,2,30,2,0,0,2,2,2,2,2,1227,0,0,3,3,3,3,1
12282209,2209,9,2,30,7,0,1,5,5,2,2,2,1228,0,1,5,5,6,6,1
12292209,2209,9,2,30,8,0,1,4,6,2,2,2,1229,0,1,5,6,5,4,1
12302209,2209,9,2,30,13,0,1,6,6,2,6,2,1230,0,1,6,6,6,6,1
12312209,2209,9,2,30,3,0,1,5,6,5,2,2,1231,0,0,3,5,4,3,1
12322209,2209,9,2,30,6,0,1,5,5,3,3,2,1232,0,1,7,7,7,7,1
12332209,2209,9,2,30,5,0,0,2,5,1,1,2,1233,0,1,6,4,5,5,1
12352209,2209,9,2,30,11,0,1,6,6,4,3,2,1235,0,1,6,6,5,5,1
12362209,2209,9,2,30,15,0,1,2,2,2,2,2,1236,0,1,6,6,6,4,1
12372209,2209,9,2,30,1,0,1,6,6,4,4,2,1237,0,1,5,5,5,3,1
12212210,2210,10,2,30,8,0,0,2,2,1,1,2,1221,0,0,3,3,2,2,1
12222210,2210,10,2,30,1,0,0,3,4,1,1,2,1222,0,1,6,6,6,5,1
12232210,2210,10,2,30,13,0,0,2,3,1,1,2,1223,0,1,7,7,6,5,1
12242210,2210,10,2,30,14,0,0,3,3,1,1,2,1224,0,1,7,4,6,6,1
12262210,2210,10,2,30,3,0,0,5,4,1,1,2,1226,0,1,6,6,6,6,1
12272210,2210,10,2,30,6,0,0,1,1,1,1,2,1227,0,1,5,5,4,5,1
12282210,2210,10,2,30,11,0,0,2,1,1,1,2,1228,0,0,5,4,3,4,1
12292210,2210,10,2,30,12,0,0,3,2,1,1,2,1229,0,1,5,4,4,5,1
12302210,2210,10,2,30,2,0,1,5,4,3,4,2,1230,0,1,5,4,4,3,1
12312210,2210,10,2,30,7,0,0,2,2,1,1,2,1231,0,1,5,4,5,4,1
12322210,2210,10,2,30,10,0,1,6,6,6,6,2,1232,0,1,6,6,4,5,1
12332210,2210,10,2,30,9,0,0,3,2,1,1,2,1233,0,1,7,5,6,7,1
12352210,2210,10,2,30,15,0,0,3,2,1,1,2,1235,0,1,5,5,4,4,1
12362210,2210,10,2,30,4,0,0,1,1,1,1,2,1236,0,1,5,5,5,3,1
12372210,2210,10,2,30,5,0,0,2,2,1,1,2,1237,0,1,5,5,6,3,1
12212211,2211,11,2,30,1,0,0,3,5,1,1,2,1221,0,0,3,3,2,2,1
12222211,2211,11,2,30,9,0,1,6,6,2,4,2,1222,0,0,2,3,1,1,1
12232211,2211,11,2,30,6,0,1,6,6,2,4,2,1223,0,1,6,6,7,6,1
12242211,2211,11,2,30,7,0,0,2,5,1,1,2,1224,0,0,2,2,2,2,1
12262211,2211,11,2,30,11,0,0,4,6,1,2,2,1226,0,1,4,4,4,4,1
12272211,2211,11,2,30,14,0,0,2,5,1,1,2,1227,0,1,5,5,5,5,1
12282211,2211,11,2,30,4,0,0,4,5,2,2,2,1228,0,0,3,4,3,3,1
12292211,2211,11,2,30,5,0,0,1,4,1,1,2,1229,0,0,3,4,3,4,1
12302211,2211,11,2,30,10,0,1,6,6,3,5,2,1230,0,0,3,3,2,2,1
12312211,2211,11,2,30,15,1,1,5,5,1,2,2,1231,0,0,3,4,3,2,1
12322211,2211,11,2,30,3,0,1,5,5,2,4,2,1232,0,0,4,3,3,2,1
12332211,2211,11,2,30,2,0,0,5,6,1,2,2,1233,0,0,4,5,5,4,1
12352211,2211,11,2,30,8,0,0,5,6,1,3,2,1235,0,0,1,4,3,2,1
12362211,2211,11,2,30,12,0,0,2,5,1,1,2,1236,0,1,3,4,2,2,1
12372211,2211,11,2,30,13,0,0,2,5,1,1,2,1237,0,0,4,3,3,2,1
12212212,2212,12,2,30,6,0,0,1,6,1,1,2,1221,0,1,4,5,3,3,1
12222212,2212,12,2,30,14,0,0,1,5,1,1,2,1222,0,0,1,2,1,1,1
12232212,2212,12,2,30,11,0,1,2,6,1,1,2,1223,0,1,7,7,7,7,1
12242212,2212,12,2,30,12,0,1,2,7,1,1,2,1224,0,1,4,7,2,2,1
12262212,2212,12,2,30,1,0,0,1,6,1,1,2,1226,0,1,5,5,5,4,1
12272212,2212,12,2,30,4,0,0,1,6,1,1,2,1227,0,0,3,5,3,3,1
12282212,2212,12,2,30,9,0,0,1,6,1,1,2,1228,0,0,4,4,6,4,1
12292212,2212,12,2,30,10,0,1,3,6,1,1,2,1229,0,0,5,6,4,4,1
12302212,2212,12,2,30,15,0,0,1,6,1,1,2,1230,0,0,4,4,2,2,1
12312212,2212,12,2,30,5,0,0,1,5,1,1,2,1231,0,0,4,5,4,2,1
12322212,2212,12,2,30,8,0,0,1,7,1,1,2,1232,0,1,6,6,5,3,1
12332212,2212,12,2,30,7,0,0,1,5,1,1,2,1233,0,0,5,5,4,4,1
12352212,2212,12,2,30,13,0,0,1,1,1,1,2,1235,0,1,5,4,3,3,1
12362212,2212,12,2,30,2,0,0,1,3,1,1,2,1236,0,0,2,5,2,2,1
12372212,2212,12,2,30,3,0,0,1,6,1,1,2,1237,0,0,3,3,5,2,1
12212213,2213,13,2,30,9,0,1,6,6,3,4,2,1221,0,1,3,4,3,3,1
12222213,2213,13,2,30,2,0,1,6,6,5,4,2,1222,0,0,3,4,2,2,1
12232213,2213,13,2,30,14,0,0,6,6,1,2,2,1223,0,0,1,1,2,1,1
12242213,2213,13,2,30,15,0,1,6,6,4,4,2,1224,0,1,6,7,3,4,1
12262213,2213,13,2,30,4,0,1,6,6,4,5,2,1226,0,1,3,3,3,2,1
12272213,2213,13,2,30,7,0,1,5,4,1,1,2,1227,0,1,4,6,4,5,1
12282213,2213,13,2,30,12,0,1,6,6,1,3,2,1228,0,0,4,5,4,4,1
12292213,2213,13,2,30,13,0,0,4,4,1,1,2,1229,0,0,4,4,3,2,1
12302213,2213,13,2,30,3,0,1,5,5,2,3,2,1230,0,0,5,5,2,2,1
12312213,2213,13,2,30,8,0,0,4,5,1,1,2,1231,0,1,5,6,4,4,1
12322213,2213,13,2,30,11,0,1,5,6,3,3,2,1232,0,0,4,5,3,3,1
12332213,2213,13,2,30,10,0,0,5,3,1,1,2,1233,0,0,4,3,2,2,1
12352213,2213,13,2,30,1,0,1,5,7,3,4,2,1235,0,0,1,4,2,1,1
12362213,2213,13,2,30,5,0,1,3,6,1,1,2,1236,0,1,4,4,4,2,1
12372213,2213,13,2,30,6,0,1,5,7,3,3,2,1237,0,0,3,5,4,2,1
12212214,2214,14,2,30,14,0,0,3,3,1,1,2,1221,0,0,3,3,2,2,1
12222214,2214,14,2,30,7,0,0,3,2,1,1,2,1222,0,1,6,6,6,6,1
12232214,2214,14,2,30,4,0,1,4,4,1,1,2,1223,0,1,7,6,7,6,1
12242214,2214,14,2,30,5,0,0,3,3,1,1,2,1224,0,0,3,6,6,3,1
12262214,2214,14,2,30,9,0,1,4,6,1,1,2,1226,0,1,5,5,7,5,1
12272214,2214,14,2,30,12,0,0,2,2,1,1,2,1227,0,1,5,6,2,4,1
12282214,2214,14,2,30,2,0,0,2,3,1,1,2,1228,0,1,5,5,5,6,1
12292214,2214,14,2,30,3,0,0,2,3,1,1,2,1229,0,0,5,6,5,5,1
12302214,2214,14,2,30,8,0,1,4,6,1,1,2,1230,0,0,4,3,4,2,1
12312214,2214,14,2,30,13,0,1,4,6,1,1,2,1231,0,1,6,5,4,4,1
12322214,2214,14,2,30,1,0,1,4,6,1,1,2,1232,0,1,5,5,4,4,1
12332214,2214,14,2,30,15,0,0,2,2,1,1,2,1233,0,0,4,5,5,4,1
12352214,2214,14,2,30,6,0,0,3,3,1,1,2,1235,0,1,5,4,6,4,1
12362214,2214,14,2,30,10,0,0,2,2,1,1,2,1236,0,1,5,5,5,5,1
12372214,2214,14,2,30,11,0,0,2,2,1,1,2,1237,0,1,5,4,6,4,1
12212215,2215,15,2,30,7,0,0,3,4,3,3,2,1221,0,1,5,5,4,4,1
12222215,2215,15,2,30,15,0,0,3,4,4,4,2,1222,0,0,1,3,1,1,1
12232215,2215,15,2,30,12,0,1,5,5,3,3,2,1223,0,1,7,6,6,6,1
12242215,2215,15,2,30,13,0,1,5,5,5,5,2,1224,0,0,2,5,2,2,1
12262215,2215,15,2,30,2,0,1,5,6,4,5,2,1226,0,1,3,4,3,3,1
12272215,2215,15,2,30,5,0,0,2,3,2,2,2,1227,0,0,2,3,2,2,1
12282215,2215,15,2,30,10,0,0,4,4,3,3,2,1228,0,0,3,4,3,3,1
12292215,2215,15,2,30,11,0,0,3,4,3,3,2,1229,0,0,3,4,3,3,1
12302215,2215,15,2,30,1,0,1,6,6,4,5,2,1230,0,0,3,3,2,2,1
12312215,2215,15,2,30,6,0,1,5,4,5,5,2,1231,0,0,3,7,3,3,1
12322215,2215,15,2,30,9,0,0,3,4,3,3,2,1232,0,0,3,2,2,2,1
12332215,2215,15,2,30,8,0,0,3,4,3,4,2,1233,0,0,4,3,2,2,1
12352215,2215,15,2,30,14,0,1,5,4,5,4,2,1235,0,1,5,4,3,3,1
12362215,2215,15,2,30,3,0,0,1,2,1,1,2,1236,0,1,4,4,2,2,1
12372215,2215,15,2,30,4,0,0,2,4,3,3,2,1237,0,0,2,2,2,1,1
12212216,2216,16,2,30,15,0,0,1,1,1,1,2,1221,0,0,3,3,2,2,1
12222216,2216,16,2,30,8,0,1,5,5,5,4,2,1222,0,0,3,7,5,2,1
12232216,2216,16,2,30,5,0,1,4,6,2,2,2,1223,0,0,4,4,2,2,1
12242216,2216,16,2,30,6,0,1,5,7,2,2,2,1224,0,1,6,5,5,6,1
12262216,2216,16,2,30,10,0,1,5,5,3,3,2,1226,0,1,4,4,4,4,1
12272216,2216,16,2,30,13,0,0,2,2,2,2,2,1227,0,1,5,4,5,6,1
12282216,2216,16,2,30,3,0,1,4,6,3,3,2,1228,0,0,4,5,4,3,1
12292216,2216,16,2,30,4,0,1,4,6,2,2,2,1229,0,0,4,5,3,3,1
12302216,2216,16,2,30,9,0,1,6,6,6,6,2,1230,0,0,4,5,2,2,1
12312216,2216,16,2,30,14,0,1,5,5,4,4,2,1231,0,1,5,6,4,4,1
12322216,2216,16,2,30,2,0,1,5,6,5,4,2,1232,0,1,6,6,3,2,1
12332216,2216,16,2,30,1,0,0,4,6,2,2,2,1233,0,0,4,6,3,3,1
12352216,2216,16,2,30,7,0,1,5,7,2,2,2,1235,0,1,5,4,5,3,1
12362216,2216,16,2,30,11,0,0,2,2,2,2,2,1236,0,1,6,6,6,5,1
12372216,2216,16,2,30,12,0,0,2,5,2,2,2,1237,0,0,4,4,4,2,1
13012320,2320,20,3,30,7,0,1,4,4,1,1,2,1301,0,1,5,6,5,5,1
13022320,2320,20,3,30,13,0,1,4,4,1,1,2,1302,0,1,5,6,5,4,1
13032320,2320,20,3,30,5,0,1,3,3,1,1,2,1303,0,0,4,4,4,4,1
13042320,2320,20,3,30,2,0,1,5,7,5,3,2,1304,0,1,5,3,7,3,1
13052320,2320,20,3,30,3,0,1,4,4,2,2,2,1305,0,1,5,5,5,6,1
13062320,2320,20,3,30,14,0,1,5,5,1,1,2,1306,0,0,4,2,7,2,1
13072320,2320,20,3,30,8,0,1,5,4,1,1,2,1307,0,1,7,5,6,4,1
13082320,2320,20,3,30,1,0,0,1,2,1,1,2,1308,0,0,4,4,5,4,1
13092320,2320,20,3,30,4,1,1,7,7,7,4,2,1309,1,1,7,7,7,7,1
13102320,2320,20,3,30,12,0,0,2,2,1,1,2,1310,0,1,6,6,6,6,1
13112320,2320,20,3,30,15,0,1,5,5,2,1,2,1311,0,1,6,5,6,4,1
13122320,2320,20,3,30,10,1,1,7,7,2,1,2,1312,1,1,6,5,5,3,1
13132320,2320,20,3,30,6,0,1,4,4,1,1,2,1313,0,1,4,3,5,4,1
13142320,2320,20,3,30,11,0,1,3,4,1,1,2,1314,0,1,5,3,6,6,1
13152320,2320,20,3,30,9,0,1,6,5,3,1,2,1315,0,0,3,3,3,2,1
13012321,2321,21,3,30,15,0,1,6,7,1,1,2,1301,0,1,6,5,3,3,1
13022321,2321,21,3,30,6,0,1,3,3,1,1,2,1302,0,1,4,6,3,2,1
13032321,2321,21,3,30,13,0,1,3,4,1,1,2,1303,0,999,4,4,3,4,1
13042321,2321,21,3,30,10,0,1,6,7,4,5,2,1304,0,0,2,3,1,1,1
13052321,2321,21,3,30,11,0,1,4,6,1,1,2,1305,0,1,6,6,6,5,1
13062321,2321,21,3,30,7,0,1,5,7,5,4,2,1306,0,1,6,7,7,5,1
13072321,2321,21,3,30,1,0,1,3,5,1,1,2,1307,0,1,5,6,5,6,1
13082321,2321,21,3,30,9,0,0,1,3,1,1,2,1308,0,1,5,5,5,6,1
13092321,2321,21,3,30,12,1,1,6,7,1,1,2,1309,1,1,7,7,5,4,1
13102321,2321,21,3,30,5,0,1,2,3,1,1,2,1310,0,1,6,6,6,5,1
13112321,2321,21,3,30,8,0,1,7,7,6,5,2,1311,0,1,5,5,5,4,1
13122321,2321,21,3,30,3,0,1,3,6,1,1,2,1312,0,1,5,4,3,1,1
13132321,2321,21,3,30,14,0,1,3,3,1,1,2,1313,0,1,6,6,6,6,1
13142321,2321,21,3,30,4,0,1,4,7,1,2,2,1314,0,1,5,5,3,3,1
13152321,2321,21,3,30,2,0,1,6,6,4,3,2,1315,0,1,5,6,6,5,1
13012322,2322,22,3,30,1,0,0,2,7,1,1,2,1301,0,1,5,6,4,4,1
13022322,2322,22,3,30,7,0,1,2,7,2,2,2,1302,0,1,4,4,5,3,1
13032322,2322,22,3,30,14,0,0,2,2,1,1,2,1303,0,1,4,4,4,4,1
13042322,2322,22,3,30,11,0,1,5,7,4,1,2,1304,0,1,6,5,6,3,1
13052322,2322,22,3,30,12,0,1,7,7,5,1,2,1305,0,1,6,6,6,6,1
13062322,2322,22,3,30,8,0,0,4,7,3,1,2,1306,0,1,5,6,7,4,1
13072322,2322,22,3,30,2,0,0,1,7,1,1,2,1307,0,1,6,6,5,6,1
13082322,2322,22,3,30,10,0,0,1,1,1,1,2,1308,0,1,6,6,6,6,1
13092322,2322,22,3,30,13,1,1,7,7,5,1,2,1309,1,1,7,7,6,4,1
13102322,2322,22,3,30,6,0,1,7,7,2,2,2,1310,0,1,5,5,5,4,1
13112322,2322,22,3,30,9,0,1,7,7,6,3,2,1311,0,1,4,4,4,3,1
13122322,2322,22,3,30,4,0,1,5,7,4,2,2,1312,0,1,5,6,3,1,1
13132322,2322,22,3,30,15,0,1,5,5,4,1,2,1313,0,1,7,6,5,4,1
13142322,2322,22,3,30,5,0,0,5,7,3,3,2,1314,0,1,5,4,5,4,1
13152322,2322,22,3,30,3,1,0,4,7,3,1,2,1315,0,0,4,4,6,4,1
13012323,2323,23,3,30,2,0,1,3,5,1,1,2,1301,0,1,5,6,4,4,1
13022323,2323,23,3,30,8,0,1,5,6,4,2,2,1302,0,1,6,4,6,5,1
13032323,2323,23,3,30,15,0,1,4,4,1,1,2,1303,0,0,4,3,3,4,1
13042323,2323,23,3,30,12,0,1,6,6,6,4,2,1304,0,1,4,4,4,3,1
13052323,2323,23,3,30,13,0,1,5,6,4,4,2,1305,0,1,5,6,5,5,1
13062323,2323,23,3,30,9,0,1,6,6,3,3,2,1306,0,0,3,4,7,3,1
13072323,2323,23,3,30,3,0,0,3,3,1,1,2,1307,0,1,5,5,6,4,1
13082323,2323,23,3,30,11,0,1,2,3,1,1,2,1308,0,1,6,6,7,7,1
13092323,2323,23,3,30,14,1,1,7,7,5,6,2,1309,1,1,7,7,7,7,1
13102323,2323,23,3,30,7,0,1,4,4,1,1,2,1310,0,1,6,6,6,6,1
13112323,2323,23,3,30,10,1,1,6,6,6,4,2,1311,1,1,6,6,5,4,1
13122323,2323,23,3,30,5,1,1,5,5,1,1,2,1312,1,1,7,7,3,3,1
13132323,2323,23,3,30,1,0,1,3,5,2,1,2,1313,0,1,6,6,5,5,1
13142323,2323,23,3,30,6,0,1,5,6,4,1,2,1314,0,1,7,6,6,6,1
13152323,2323,23,3,30,4,1,1,6,6,6,3,2,1315,1,1,5,6,3,3,1
13012324,2324,24,3,30,9,0,0,1,1,1,1,2,1301,0,1,4,4,3,3,1
13022324,2324,24,3,30,15,0,1,5,5,1,3,2,1302,0,0,2,3,2,1,1
13032324,2324,24,3,30,7,0,0,1,1,1,1,2,1303,0,0,2,3,2,2,1
13042324,2324,24,3,30,4,0,1,5,6,1,3,2,1304,0,0,1,1,1,1,1
13052324,2324,24,3,30,5,0,1,6,6,4,6,2,1305,0,1,4,5,4,4,1
13062324,2324,24,3,30,1,0,1,5,5,3,4,2,1306,0,0,3,6,2,1,1
13072324,2324,24,3,30,10,0,1,3,3,1,1,2,1307,0,0,3,5,2,4,1
13082324,2324,24,3,30,3,0,0,3,2,2,2,2,1308,0,1,5,3,4,5,1
13092324,2324,24,3,30,6,0,999,3,4,4,1,2,1309,0,0,1,1,1,1,1
13102324,2324,24,3,30,14,0,0,3,2,1,1,2,1310,0,0,3,4,1,1,1
13112324,2324,24,3,30,2,0,0,3,3,1,1,2,1311,0,0,3,3,2,3,1
13122324,2324,24,3,30,12,0,1,4,4,1,2,2,1312,0,0,3,2,1,1,1
13132324,2324,24,3,30,8,0,0,2,1,1,1,2,1313,0,1,4,5,6,6,1
13142324,2324,24,3,30,13,0,1,5,5,2,3,2,1314,0,0,2,3,2,2,1
13152324,2324,24,3,30,11,0,1,4,3,3,3,2,1315,0,0,2,2,1,1,1
13012325,2325,25,3,30,11,0,0,4,4,1,1,2,1301,0,1,6,6,5,4,1
13022325,2325,25,3,30,2,0,0,3,5,1,1,2,1302,0,1,5,4,5,6,1
13032325,2325,25,3,30,9,0,0,1,1,1,1,2,1303,999,1,5,4,5,4,1
13042325,2325,25,3,30,6,0,0,1,1,1,1,2,1304,0,1,6,5,7,5,1
13052325,2325,25,3,30,7,0,0,4,5,1,1,2,1305,0,1,5,6,6,5,1
13062325,2325,25,3,30,3,0,0,1,1,1,1,2,1306,0,1,6,5,7,5,1
13072325,2325,25,3,30,12,0,0,3,1,1,1,2,1307,0,1,7,6,7,6,1
13082325,2325,25,3,30,5,0,0,1,1,1,1,2,1308,0,999,4,4,4,4,1
13092325,2325,25,3,30,8,0,1,6,6,1,1,2,1309,0,1,5,7,5,4,1
13102325,2325,25,3,30,1,0,0,1,1,1,1,2,1310,0,1,4,4,6,6,1
13112325,2325,25,3,30,4,0,1,6,7,6,6,2,1311,0,1,5,5,5,4,1
13122325,2325,25,3,30,14,0,1,4,5,1,1,2,1312,0,1,5,4,5,2,1
13132325,2325,25,3,30,10,0,0,1,1,1,1,2,1313,0,1,6,6,7,6,1
13142325,2325,25,3,30,15,1,1,6,7,1,1,2,1314,0,1,7,6,7,6,1
13152325,2325,25,3,30,13,0,1,5,5,3,1,2,1315,0,1,5,5,6,5,1
13012326,2326,26,3,30,5,0,1,3,3,1,1,2,1301,0,1,5,6,6,6,1
13022326,2326,26,3,30,11,0,0,1,1,1,1,2,1302,0,1,6,3,4,6,1
13032326,2326,26,3,30,3,0,0,1,2,1,1,2,1303,0,0,4,4,3,4,1
13042326,2326,26,3,30,15,0,1,3,2,4,1,2,1304,0,0,3,4,3,3,1
13052326,2326,26,3,30,1,0,1,4,5,4,4,2,1305,0,1,4,5,5,5,1
13062326,2326,26,3,30,12,0,0,999,999,999,999,2,1306,0,1,5,5,7,5,1
13072326,2326,26,3,30,6,0,0,2,3,1,1,2,1307,0,1,5,6,7,5,1
13082326,2326,26,3,30,14,1,0,3,3,1,1,2,1308,0,1,6,6,6,6,1
13092326,2326,26,3,30,2,0,999,2,999,999,999,2,1309,0,1,3,4,1,1,1
13102326,2326,26,3,30,10,0,0,1,1,1,1,2,1310,0,1,5,5,5,5,1
13112326,2326,26,3,30,13,0,0,2,3,1,1,2,1311,0,1,5,4,4,3,1
13122326,2326,26,3,30,8,0,0,2,3,1,1,2,1312,0,1,5,5,5,2,1
13132326,2326,26,3,30,4,0,1,2,3,999,999,2,1313,0,1,6,6,6,6,1
13142326,2326,26,3,30,9,0,1,3,1,3,1,2,1314,0,1,5,6,3,3,1
13152326,2326,26,3,30,7,0,1,45,4,55,1,2,1315,0,0,3,3,2,2,1
13012327,2327,27,3,30,6,0,0,2,2,1,1,2,1301,0,1,5,6,4,4,1
13022327,2327,27,3,30,12,0,0,2,2,1,3,2,1302,0,1,5,5,6,6,1
13032327,2327,27,3,30,4,0,0,1,2,1,1,2,1303,0,0,4,4,4,4,1
13042327,2327,27,3,30,1,0,1,4,2,3,4,2,1304,0,0,2,4,2,2,1
13052327,2327,27,3,30,2,0,0,2,3,2,3,2,1305,0,0,3,4,4,3,1
13062327,2327,27,3,30,13,0,0,2,1,1,1,2,1306,0,0,2,2,5,1,1
13072327,2327,27,3,30,7,0,0,2,3,1,2,2,1307,0,1,6,7,7,6,1
13082327,2327,27,3,30,15,0,0,1,1,1,1,2,1308,0,1,7,7,7,7,1
13092327,2327,27,3,30,3,0,0,1,4,2,3,2,1309,0,1,3,4,1,1,1
13102327,2327,27,3,30,11,0,0,2,3,1,2,2,1310,0,0,3,5,4,4,1
13112327,2327,27,3,30,14,0,0,1,3,1,2,2,1311,0,1,5,5,5,4,1
13122327,2327,27,3,30,9,0,0,2,4,1,2,2,1312,0,1,4,4,4,1,1
13132327,2327,27,3,30,5,0,0,1,1,1,1,2,1313,0,1,6,6,6,6,1
13142327,2327,27,3,30,10,0,1,4,4,2,4,2,1314,0,1,5,6,3,4,1
13152327,2327,27,3,30,8,0,0,2,4,4,2,2,1315,0,0,2,3,2,2,1
13012328,2328,28,3,30,3,0,0,2,1,1,1,2,1301,0,1,4,6,3,5,1
13022328,2328,28,3,30,9,0,0,4,2,1,1,2,1302,0,1,7,4,4,6,1
13032328,2328,28,3,30,1,0,0,2,1,1,1,2,1303,0,0,4,4,5,4,1
13042328,2328,28,3,30,13,0,1,4,3,3,1,2,1304,0,0,1,1,1,1,1
13052328,2328,28,3,30,14,0,1,4,3,2,1,2,1305,0,0,2,5,3,3,1
13062328,2328,28,3,30,10,0,1,4,2,1,1,2,1306,0,1,6,5,7,4,1
13072328,2328,28,3,30,4,0,0,2,1,1,1,2,1307,0,1,6,5,6,5,1
13082328,2328,28,3,30,12,1,0,2,1,1,1,2,1308,0,1,4,4,4,4,1
13092328,2328,28,3,30,15,0,0,3,2,1,1,2,1309,1,1,5,6,4,1,1
13102328,2328,28,3,30,8,0,0,2,1,1,1,2,1310,0,0,2,4,2,1,1
13112328,2328,28,3,30,11,0,0,3,1,1,1,2,1311,0,0,3,4,2,2,1
13122328,2328,28,3,30,6,0,999,3,1,1,1,2,1312,0,1,4,4,2,2,1
13132328,2328,28,3,30,2,0,1,4,3,1,1,2,1313,0,1,6,6,6,6,1
13142328,2328,28,3,30,7,0,0,2,2,1,1,2,1314,0,0,3,4,2,3,1
13152328,2328,28,3,30,5,0,1,3,1,1,1,2,1315,0,0,4,5,3,2,1
13012329,2329,29,3,30,8,0,1,2,3,1,1,2,1301,0,1,6,6,4,3,1
13022329,2329,29,3,30,14,0,0,999,999,999,999,2,1302,0,0,2,3,1,1,1
13032329,2329,29,3,30,6,0,1,5,7,1,3,2,1303,0,1,6,6,5,5,1
13042329,2329,29,3,30,3,0,1,6,7,1,3,2,1304,0,0,1,1,1,1,1
13052329,2329,29,3,30,4,0,1,5,4,1,1,2,1305,0,0,2,5,3,2,1
13062329,2329,29,3,30,15,0,1,2,3,1,1,2,1306,0,1,4,3,7,5,1
13072329,2329,29,3,30,9,0,1,5,4,2,2,2,1307,0,1,6,4,5,5,1
13082329,2329,29,3,30,2,0,0,1,1,1,1,2,1308,0,1,5,6,4,6,1
13092329,2329,29,3,30,5,0,1,3,4,1,1,2,1309,0,0,1,3,1,1,1
13102329,2329,29,3,30,13,0,1,4,5,1,2,2,1310,0,0,3,4,3,3,1
13112329,2329,29,3,30,1,0,1,3,3,1,1,2,1311,0,0,4,5,4,3,1
13122329,2329,29,3,30,11,0,1,2,3,1,1,2,1312,0,0,4,4,2,2,1
13132329,2329,29,3,30,7,0,1,4,4,1,2,2,1313,0,1,5,5,4,4,1
13142329,2329,29,3,30,12,0,0,999,999,999,999,2,1314,0,0,3,3,2,2,1
13152329,2329,29,3,30,10,0,1,3,3,1,1,2,1315,0,0,4,6,1,1,1
13012330,2330,30,3,30,12,0,0,2,1,1,1,2,1301,0,1,5,5,2,2,1
13022330,2330,30,3,30,3,0,0,2,2,1,1,2,1302,0,0,3,3,1,1,1
13032330,2330,30,3,30,10,0,0,1,1,1,1,2,1303,0,1,5,5,5,5,1
13042330,2330,30,3,30,7,0,1,4,4,1,1,2,1304,0,0,2,1,1,1,1
13052330,2330,30,3,30,8,0,0,2,3,2,2,2,1305,0,0,2,4,2,2,1
13062330,2330,30,3,30,4,0,1,5,5,4,3,2,1306,0,1,7,7,7,6,1
13072330,2330,30,3,30,13,0,0,1,1,1,1,2,1307,0,1,6,6,7,7,1
13082330,2330,30,3,30,6,0,0,1,1,1,1,2,1308,999,999,6,6,6,6,1
13092330,2330,30,3,30,9,0,1,5,5,4,4,2,1309,0,1,2,3,1,1,1
13102330,2330,30,3,30,2,0,1,4,5,2,2,2,1310,0,0,4,5,2,2,1
13112330,2330,30,3,30,5,0,0,1,1,1,1,2,1311,0,0,4,4,3,4,1
13122330,2330,30,3,30,15,0,1,6,5,2,2,2,1312,0,1,4,4,4,4,1
13132330,2330,30,3,30,11,0,0,2,3,2,2,2,1313,0,1,7,7,5,4,1
13142330,2330,30,3,30,1,0,1,5,5,2,5,2,1314,0,0,5,5,3,3,1
13152330,2330,30,3,30,14,0,1,5,4,2,2,2,1315,0,0,2,3,1,2,1
13012331,2331,31,3,30,13,0,0,4,4,1,1,2,1301,0,1,5,6,4,4,1
13022331,2331,31,3,30,4,0,1,7,7,1,1,2,1302,0,1,4,5,4,4,1
13032331,2331,31,3,30,11,0,1,6,6,2,1,2,1303,0,1,4,4,4,4,1
13042331,2331,31,3,30,8,0,1,4,4,7,5,2,1304,0,1,4,3,6,3,1
13052331,2331,31,3,30,9,0,1,4,5,4,1,2,1305,0,1,4,5,5,4,1
13062331,2331,31,3,30,5,0,1,5,5,5,1,2,1306,0,1,7,7,7,6,1
13072331,2331,31,3,30,14,0,0,3,3,1,1,2,1307,0,1,6,7,7,7,1
13082331,2331,31,3,30,7,0,0,1,1,1,1,2,1308,999,999,6,6,6,6,1
13092331,2331,31,3,30,10,0,1,4,6,1,1,2,1309,0,1,4,5,4,1,1
13102331,2331,31,3,30,3,0,0,2,3,1,1,2,1310,0,0,3,5,3,3,1
13112331,2331,31,3,30,6,0,1,5,6,2,3,2,1311,0,0,4,4,6,4,1
13122331,2331,31,3,30,1,0,1,5,7,1,3,2,1312,0,1,5,6,5,3,1
13132331,2331,31,3,30,12,0,0,2,1,1,1,2,1313,0,1,7,7,7,6,1
13142331,2331,31,3,30,2,0,1,5,5,1,1,2,1314,0,1,6,7,4,5,1
13152331,2331,31,3,30,15,0,1,7,7,6,5,2,1315,1,0,3,3,2,1,1
13012335,2335,35,3,30,14,0,0,2,2,1,1,2,1301,0,1,5,6,4,4,1
13022335,2335,35,3,30,5,0,0,1,2,1,1,2,1302,0,1,5,4,5,6,1
13032335,2335,35,3,30,12,0,0,2,3,1,1,2,1303,0,0,3,5,4,4,1
13042335,2335,35,3,30,9,0,0,3,3,1,1,2,1304,0,0,2,3,1,2,1
13052335,2335,35,3,30,10,0,0,3,4,1,2,2,1305,0,1,4,5,5,4,1
13062335,2335,35,3,30,6,0,0,2,3,1,1,2,1306,0,1,5,6,7,4,1
13072335,2335,35,3,30,15,0,0,3,3,1,1,2,1307,0,1,6,7,6,6,1
13082335,2335,35,3,30,8,0,0,1,1,1,1,2,1308,0,0,3,3,3,3,1
13092335,2335,35,3,30,11,0,0,3,4,1,1,2,1309,0,1,6,7,5,4,1
13102335,2335,35,3,30,4,0,0,1,2,1,1,2,1310,0,1,4,5,5,5,1
13112335,2335,35,3,30,7,0,1,3,5,1,1,2,1311,0,1,5,5,5,4,1
13122335,2335,35,3,30,2,0,0,2,3,1,1,2,1312,0,1,5,5,3,3,1
13132335,2335,35,3,30,13,0,0,2,2,1,1,2,1313,0,1,6,6,5,5,1
13142335,2335,35,3,30,3,0,0,2,3,1,1,2,1314,0,0,3,4,3,4,1
13152335,2335,35,3,30,1,0,0,2,3,1,1,2,1315,0,0,4,3,5,2,1
13012336,2336,36,3,30,10,0,0,1,2,1,1,2,1301,0,1,6,6,4,4,1
13022336,2336,36,3,30,1,1,1,5,6,1,1,2,1302,1,1,6,4,6,7,1
13032336,2336,36,3,30,8,0,0,2,3,1,1,2,1303,0,0,4,5,4,4,1
13042336,2336,36,3,30,5,0,0,4,2,1,1,2,1304,0,0,2,2,1,1,1
13052336,2336,36,3,30,6,0,0,5,3,1,2,2,1305,0,999,3,6,6,5,1
13062336,2336,36,3,30,2,0,1,4,4,1,1,2,1306,0,1,5,5,7,4,1
13072336,2336,36,3,30,11,0,0,1,2,1,1,2,1307,0,1,5,5,5,6,1
13082336,2336,36,3,30,4,0,0,1,1,1,1,2,1308,0,1,5,5,5,5,1
13092336,2336,36,3,30,7,0,1,6,7,3,4,2,1309,0,1,6,7,2,3,1
13102336,2336,36,3,30,15,0,0,4,3,1,1,2,1310,0,0,4,4,3,3,1
13112336,2336,36,3,30,3,0,1,6,7,5,6,2,1311,0,1,5,5,4,4,1
13122336,2336,36,3,30,13,0,0,4,2,1,1,2,1312,0,1,4,4,3,3,1
13132336,2336,36,3,30,9,1,0,3,3,1,2,2,1313,1,1,6,7,5,5,1
13142336,2336,36,3,30,14,0,0,5,3,1,1,2,1314,0,1,5,6,5,4,1
13152336,2336,36,3,30,12,0,0,4,4,2,2,2,1315,0,0,4,6,3,2,1
13012337,2337,37,3,30,4,0,0,3,2,1,1,2,1301,0,1,6,5,3,5,1
13022337,2337,37,3,30,10,0,0,3,5,1,1,2,1302,0,1,7,5,5,6,1
13032337,2337,37,3,30,2,0,0,4,3,1,2,2,1303,0,1,6,6,4,4,1
13042337,2337,37,3,30,14,0,0,4,3,2,2,2,1304,0,1,6,6,6,6,1
13052337,2337,37,3,30,15,0,1,5,5,3,3,2,1305,0,1,5,6,6,6,1
13062337,2337,37,3,30,11,0,1,5,5,2,3,2,1306,0,1,5,5,7,4,1
13072337,2337,37,3,30,5,0,0,4,2,1,1,2,1307,0,1,5,5,6,4,1
13082337,2337,37,3,30,13,1,0,2,2,1,1,2,1308,0,0,4,4,4,4,1
13092337,2337,37,3,30,1,0,0,4,5,2,2,2,1309,0,1,5,7,5,5,1
13102337,2337,37,3,30,9,0,0,2,3,1,1,2,1310,0,1,6,6,6,6,1
13112337,2337,37,3,30,12,0,0,5,3,2,2,2,1311,0,0,4,4,3,3,1
13122337,2337,37,3,30,7,0,0,3,3,1,1,2,1312,1,1,5,5,5,5,1
13132337,2337,37,3,30,3,0,0,4,5,2,2,2,1313,999,999,6,6,6,6,1
13142337,2337,37,3,30,8,0,1,5,5,1,2,2,1314,0,1,7,6,6,7,1
13152337,2337,37,3,30,6,0,0,5,5,2,4,2,1315,0,0,4,4,3,4,1
